"sid","0","1","2","3","4","5","6","7","8","9","10","11","12","13","14","15","16","17","18","19","20","21","22","23"
"72",0.07,0.04,0.04,0.04,0.03,0.02,0.01,0.04,0.02,0.27,0.83,0.77,0.75,0.65,0.19,0.03,0.02,NA,0.06,0.04,0.04,0.04,0.06,0.02
"79",NA,0.02,0.03,0.02,0.02,0.03,0.02,0.05,0.02,0.03,0.05,0.05,0.06,0.05,0.08,0.09,0.07,0.03,0.02,0.02,0.01,NA,NA,0.01
"82",0.02,0.02,0.03,0.03,0.02,0.02,NA,0.02,0.02,0.02,0.05,0.05,0.03,0.08,0.07,0.02,0.03,0.02,0.02,0.02,0.02,0.05,0.02,0.02
"83",0.05,0.11,0.1,0.1,0.18,0.1,0.05,0.08,0.08,0.06,0.08,0.11,0.11,0.13,0.16,0.18,0.09,0.11,0.07,0.05,0.1,0.07,0.06,0.05
"116",0.05,0.03,0.07,0.06,0.01,0.02,0.02,0.02,0.06,0.05,0.07,0.07,0.07,0.07,0.07,0.03,0.08,0.12,0.03,0.09,0.1,0.07,0.05,0.03
"119",0.11,0.07,0.07,0.03,0.05,0.02,0.02,0.02,0.04,0.07,0.05,0.06,0.04,0.05,0.04,0.05,0.03,0.04,0.01,0.05,0.1,0.13,0.11,0.11
"120",0.07,0.12,0.08,0.04,0.05,0.01,0.03,NA,0.02,0.04,0.07,0.05,0.08,0.06,0.08,0.03,0.03,0.03,0.02,0.07,0.13,0.11,0.05,0.1
"127",0.04,0.07,0.13,0.08,0.05,0.02,0.02,0.06,0.2,0.18,0.15,0.09,0.05,0.08,0.08,0.07,0.03,0.05,0.05,0.09,0.15,0.06,0.05,0.02
"128",0.01,0.02,0.01,0.03,0.05,0.01,0.01,0.01,0.02,0.02,0.05,0.07,0.07,0.05,0.05,0.05,0.07,0.03,0.02,0.04,0.05,0.02,0.03,NA
"137",0.05,0.05,0.13,0.14,0.28,0.32,0.12,0.11,0.05,0.03,0.07,0.02,0.15,0.15,0.17,0.16,0.11,0.4,3.77,3.76,1.15,0.18,0.07,0.07
"143",0.05,0.06,0.07,0.04,0.08,0.04,0.02,0.01,NA,NA,0.01,0.03,0.02,0.03,0.05,0.08,0.02,0.03,0.02,0.02,0.03,0.04,0.07,0.05
"144",0.02,0.07,0.03,0.02,0.02,0.04,0.02,0.02,0.02,NA,0.02,0.01,0.03,0.03,0.06,0.02,0.06,0.03,0.03,0.02,0.02,0.03,0.02,0.02
"146",0.15,0.11,0.1,0.19,0.16,0.1,0.07,1.11,1.96,0.73,0.56,0.51,0.6,0.63,0.44,0.31,0.11,0.08,0.08,0.1,0.09,0.08,0.06,0.08
"147",0.03,NA,0.02,0.02,0.03,0.01,0.01,0.03,0.03,0.06,0.02,0.1,0.1,0.15,0.08,0.07,0.07,0.08,0.04,0.04,0.05,0.02,0.01,0.01
"150",0.05,0.08,0.11,0.06,0.06,0.01,0.01,0.02,0.01,NA,0.02,0.11,0.1,0.06,0.05,0.02,0.06,0.02,0.02,0.02,0.06,0.08,0.02,0.03
"151",0.11,0.06,0.15,0.17,0.12,0.16,0.06,0.2,0.12,0.15,0.22,0.18,0.24,0.32,0.18,0.24,0.12,0.18,0.22,0.25,0.11,0.2,0.2,0.12
"152",0.02,0.02,0.02,NA,0.02,0.01,0.02,0.03,0.03,0.04,0.02,0.01,0.01,0.05,0.02,0.03,0.06,0.02,0.02,0.02,0.01,NA,NA,0.01
"153",NA,0.02,0.05,0.11,0.07,0.08,0.08,0.05,0.05,0.02,0.1,0.12,0.21,0.34,0.11,0.17,0.82,0.27,0.08,0.12,0.02,0.02,0.04,0.02
"157",0.05,0.05,0.06,0.05,0.03,0.04,0.02,0.02,0.01,0.02,0.02,0.02,0.02,0.05,0.03,0.04,0.02,0.02,0.02,0.01,0.08,0.02,0.02,0.02
"160",0.03,0.07,0.05,0.03,0.03,NA,0.01,0.01,0.02,NA,0.01,0.02,0.05,0.04,0.05,0.05,0.08,0.05,0.08,0.02,0.02,0.03,0.02,0.05
"161",0.05,0.02,0.02,0.02,0.01,0.01,NA,0.02,0.02,0.03,0.06,0.02,0.04,0.04,0.05,0.08,0.02,0.06,0.04,0.02,0.02,NA,0.05,0.03
"164",0.02,0.02,0.02,0.02,0.02,NA,0.04,0.02,0.08,0.02,0.05,0.03,0.07,0.09,0.08,0.05,NA,0.01,0.11,0.03,NA,NA,0.01,0.01
"167",0.03,0.02,0.03,0.02,0.01,0.02,0.02,0.02,0.05,0.02,NA,0.09,0.24,0.13,0.08,0.08,0.05,0.05,0.11,0.11,0.03,0.02,0.05,0.02
"168",0.07,0.11,0.19,0.21,0.15,0.08,0.07,0.14,0.06,0.05,0.08,0.1,0.08,0.11,0.15,0.1,0.09,0.11,0.09,0.37,0.33,0.11,0.03,0.07
"173",0.02,0.05,0.03,0.06,0.06,0.04,0.06,0.1,0.12,0.13,0.13,0.1,0.18,0.14,0.06,0.09,0.07,0.05,0.06,0.08,0.11,0.11,0.04,0.02
"174",0.02,0.03,0.08,0.06,0.05,0.02,0.02,0.08,0.08,0.06,0.1,0.08,0.08,0.03,0.05,0.01,0.02,0.04,0.02,0.04,0.02,0.04,0.02,0.02
"195",0.05,0.09,0.07,0.07,0.13,0.12,0.12,0.08,0.05,0.1,0.14,0.17,0.27,0.53,0.47,0.34,0.22,0.24,0.16,0.06,0.07,0.05,0.1,0.04
"212",0.01,0.02,0.02,NA,0.05,0.01,0.03,0.02,0.02,0.04,0.11,0.06,0.06,0.08,0.06,0.08,0.03,0.08,0.11,0.03,0.03,0.01,0.04,0.02
"216",0.18,0.13,0.15,0.22,0.09,0.09,0.11,0.14,0.11,0.14,0.16,0.32,0.23,0.3,0.19,0.16,0.16,0.11,0.11,0.05,0.08,0.11,0.07,0.14
"217",0.16,0.12,0.15,0.17,0.2,0.15,0.15,0.05,0.02,0.1,0.08,0.08,0.15,0.12,0.18,0.18,0.2,0.16,0.14,0.09,0.12,0.08,0.1,0.15
"218",0.02,0.04,0.04,0.02,0.03,0.02,0.02,0.02,NA,NA,0.01,0.02,0.02,0.03,0.03,0.02,0.03,0.02,0.02,0.02,NA,NA,0.01,NA
"223",0.03,0.05,0.04,0.03,0.05,NA,0.02,NA,0.02,0.02,0.05,0.01,0.04,0.02,0.05,0.02,0.04,0.02,0.05,0.11,0.08,0.05,0.05,0.04
"224",0.02,0.03,0.02,0.02,NA,NA,0.02,0.02,NA,NA,0.02,0.04,0.04,0.03,0.06,0.1,0.06,0.08,0.03,NA,NA,NA,0.01,0.02
"225",0.02,0.01,0.04,0.02,0.04,0.03,0.02,0.04,0.01,0.02,0.02,0.1,0.06,0.09,0.07,0.09,0.05,0.08,0.05,0.05,0.05,0.02,0.01,0.03
"228",0.02,0.01,0.01,0.02,0.03,0.01,NA,0.01,0.01,0.02,0.03,0.04,0.05,0.13,0.02,0.02,0.01,0.02,0.02,0.02,0.01,0.01,0.01,0.01
"229",0.01,0.01,0.01,0.02,NA,0.02,0.02,0.02,0.01,0.04,0.04,0.05,0.02,0.05,0.02,0.02,0.05,0.05,0.05,0.07,0.02,0.02,0.02,NA
"232",0.07,0.02,0.03,0.05,0.03,0.02,0.01,0.03,0.02,0.05,0.03,0.05,0.02,0.02,0.11,0.03,0.04,0.02,0.02,0.05,NA,0.02,0.03,0.02
"233",0.18,0.15,0.12,0.11,0.17,0.06,0.07,0.05,0.04,0.05,0.12,0.2,0.21,0.21,0.13,0.15,0.11,0.06,0.05,0.05,0.12,0.08,0.1,0.15
"236",0.28,0.45,0.63,0.54,0.39,0.37,0.21,0.15,0.69,3.75,2.47,0.86,0.5,0.42,0.17,0.15,0.11,0.09,0.08,0.23,0.3,0.34,0.15,0.14
"237",0.06,0.09,0.06,0.12,0.07,0.03,0.01,0.03,0.08,0.02,0.04,0.04,0.18,0.13,0.4,0.5,0.21,0.12,0.12,0.16,0.2,0.15,0.25,0.13
"238",0.07,0.05,0.03,0.03,0.01,0.02,NA,NA,NA,0.01,0.03,0.07,0.05,0.07,0.08,0.09,0.04,0.03,0.03,0.05,0.08,0.03,0.04,0.04
"239",0.08,0.11,0.11,0.1,0.1,0.16,0.2,0.12,0.09,0.05,0.03,0.08,0.06,0.11,0.17,0.15,0.1,0.18,0.18,0.2,0.16,0.13,0.08,0.05
"241",0.24,0.11,0.18,0.18,0.11,0.08,0.08,0.05,0.16,0.16,0.22,0.31,0.2,0.26,0.15,0.07,0.08,0.06,0.08,0.08,0.23,0.19,0.12,0.15
"242",0.02,NA,0.02,0.05,0.02,0.02,NA,NA,NA,NA,0.01,0.02,NA,0.02,0.03,0.02,0.01,0.02,0.02,NA,0.02,0.01,NA,0.06
"243",0.01,0.05,0.02,0.02,0.03,0.04,0.06,0.03,0.03,0.02,0.03,0.01,0.02,0.05,0.02,0.02,0.04,0.02,0.02,0.07,0.04,0.05,0.01,0.02
"244",0.19,0.08,0.06,0.15,0.1,0.07,0.05,0.02,0.1,0.09,0.14,0.2,0.22,0.11,0.14,0.07,0.05,0.08,0.03,0.04,0.07,0.1,0.16,0.11
"245",0.05,0.11,0.1,0.04,0.03,0.03,0.02,0.02,0.05,0.05,0.08,0.08,0.07,0.1,0.08,0.11,0.06,0.05,0.05,0.02,0.11,0.09,0.1,0.06
"247",0.02,0.06,0.04,0.07,NA,0.01,NA,0.02,0.01,0.02,0.02,0.02,0.03,0.03,0.02,0.03,0.01,0.02,0.03,0.06,0.08,0.01,0.05,0.04
"248",0.01,0.02,0.02,0.03,0.02,0.01,NA,0.02,0.02,0.02,0.01,0.03,0.04,0.05,0.09,0.05,0.05,0.03,0.02,0.02,0.01,0.01,0.02,0.01
"249",NA,NA,0.01,NA,NA,NA,0.01,0.02,0.05,0.06,0.05,0.06,0.07,0.15,0.02,0.03,0.03,0.03,0.02,0.02,0.01,0.01,0.01,NA
"250",0.05,0.05,0.11,0.1,0.08,0.06,0.04,0.05,0.06,0.1,0.08,0.16,0.15,0.24,0.48,0.42,0.31,0.29,0.3,0.5,0.61,0.21,0.16,0.11
"251",0.01,0.02,0.02,NA,0.01,0.02,0.02,0.02,0.02,0.03,0.07,0.07,0.05,0.05,0.05,0.04,0.05,0.01,0.02,0.05,0.02,0.05,0.04,0.02
"252",0.04,0.04,0.05,0.02,0.01,NA,0.02,0.01,0.01,0.02,0.05,0.02,0.04,0.07,0.02,0.04,NA,0.06,0.04,0.06,0.04,0.06,0.01,0.02
"253",0.04,0.02,0.01,0.01,0.02,0.02,0.02,NA,0.03,0.05,0.06,0.08,0.11,0.05,0.13,0.18,0.08,0.06,0.08,0.04,0.02,0.02,0.02,0.02
"254",0.02,0.02,0.02,0.02,0.02,NA,NA,NA,0.01,0.05,0.03,0.02,0.05,0.03,0.07,0.03,0.03,0.02,0.02,0.05,0.04,NA,NA,0.04
"257",0.04,0.02,0.05,0.04,0.03,0.02,0.04,0.02,0.03,0.05,0.06,0.02,0.07,0.11,0.06,0.05,0.1,0.05,0.04,0.03,0.04,0.02,0.01,0.01
"258",0.18,0.07,0.18,0.05,0.13,0.1,0.13,0.03,0.15,0.37,0.41,0.36,0.27,0.34,0.2,0.15,0.13,0.07,0.07,0.21,0.55,0.27,0.27,0.21
"259",0.04,0.03,0.04,0.02,0.01,0.02,0.03,0.01,0.04,0.02,0.05,0.05,0.08,0.05,0.08,0.08,0.12,0.08,0.05,0.05,0.01,0.03,0.02,NA
"260",0.02,0.03,0.04,0.02,0.05,0.08,0.1,0.08,0.04,0.05,0.04,0.08,0.11,0.33,0.19,0.12,0.11,0.3,0.11,0.05,0.06,0.01,0.02,0.03
"261",0.03,0.03,0.07,0.05,0.03,0.02,0.02,NA,0.01,0.02,0.02,0.06,0.03,0.07,0.03,0.02,0.03,0.02,0.04,0.02,0.02,0.03,0.04,0.02
"262",0.11,0.23,0.22,0.12,0.1,0.09,0.06,0.04,0.24,0.4,0.37,0.44,0.34,0.21,0.18,0.13,0.08,0.08,0.02,0.11,0.64,0.36,0.13,0.15
"263",0.07,0.2,0.15,0.23,0.2,0.17,0.13,0.1,0.08,0.15,0.16,0.1,0.12,0.18,0.15,0.22,0.08,0.08,0.14,0.08,0.07,0.09,0.05,0.02
"264",0.02,NA,0.03,NA,0.02,0.01,0.02,0.03,0.03,0.02,0.02,0.02,0.06,0.07,0.06,0.03,0.01,0.01,0.02,0.02,0.02,NA,0.02,0.02
"265",0.05,0.07,0.08,0.09,0.06,0.03,0.02,0.04,0.02,0.03,0.03,0.07,0.09,0.04,0.05,0.03,0.07,0.05,0.06,0.02,0.05,0.08,0.11,0.05
"266",0.07,0.14,0.18,0.19,0.19,0.08,0.04,0.02,0.04,0.12,0.11,0.16,0.17,0.11,0.05,0.07,0.05,0.04,0.03,0.05,0.14,0.06,0.06,0.02
"267",0.02,0.03,0.08,0.02,0.02,0.02,NA,0.01,0.06,0.08,0.06,0.15,0.15,0.19,0.09,0.02,0.01,0.06,0.04,0.06,0.06,0.05,0.02,0.02
"268",NA,0.02,0.03,0.04,0.01,0.02,0.06,0.01,0.02,0.01,0.04,0.1,0.11,0.05,0.14,0.1,0.11,0.05,0.1,0.06,NA,0.03,0.05,0.06
"270",0.19,0.19,0.24,0.2,0.12,0.12,0.08,0.05,0.14,0.25,0.37,0.31,0.17,0.15,0.17,0.11,0.05,0.04,0.03,0.09,0.23,0.11,0.15,0.09
"271",NA,NA,NA,NA,NA,NA,NA,0.01,NA,NA,NA,NA,NA,NA,NA,0.01,NA,NA,NA,NA,NA,NA,NA,NA
"274",0.05,0.02,0.04,0.02,0.04,0.01,0.02,0.02,0.02,0.01,0.02,0.05,0.02,0.05,0.03,0.01,0.02,0.01,0.02,0.01,0.04,0.03,0.02,0.03
"275",0.14,0.11,0.17,0.06,0.08,0.03,0.04,0.03,0.05,0.11,0.12,0.15,0.11,0.12,0.07,0.11,0.13,0.02,0.03,0.08,0.13,0.12,0.08,0.11
"276",0.03,0.03,0.01,NA,0.05,0.03,0.02,0.13,0.09,0.14,0.15,0.14,0.13,0.15,0.12,0.08,0.06,0.06,0.03,0.06,0.04,0.03,0.02,0.02
"278",0.06,0.04,0.09,0.03,0.04,0.02,0.02,0.03,0.04,0.02,0.03,0.08,0.08,0.05,0.11,0.02,0.05,0.03,0.05,0.03,0.04,0.11,0.08,0.1
"279",NA,0.02,0.01,0.01,0.02,0.01,0.02,0.06,0.02,0.02,0.02,0.05,0.11,0.06,0.16,0.14,0.07,0.03,0.03,0.01,0.02,NA,0.02,0.02
"280",0.01,0.02,0.02,0.05,0.01,0.01,0.01,0.02,0.01,0.01,0.02,0.02,0.06,0.05,0.05,0.03,0.02,0.02,0.03,0.03,NA,0.03,0.02,0.01
"281",0.15,0.17,0.31,0.23,0.21,0.15,0.21,0.17,0.16,0.18,0.21,0.25,1.44,1.36,0.86,0.98,0.47,0.3,0.28,0.24,0.24,0.2,0.27,0.27
"282",0.05,0.02,0.05,0.05,0.04,0.03,0.02,0.01,0.05,0.02,0.05,0.02,0.02,0.08,0.06,0.06,0.04,0.01,0.01,0.02,0.01,0.02,0.03,0.05
"284",0.08,0.1,0.13,0.07,0.02,0.04,0.02,0.03,0.08,0.29,0.31,0.32,0.27,0.18,0.08,0.15,0.13,0.11,0.11,0.1,0.12,0.06,0.06,0.03
"285",0.06,0.05,0.09,0.15,0.07,0.07,0.11,0.15,0.06,0.18,0.1,0.18,0.24,0.24,0.22,0.16,0.12,0.13,0.14,0.27,0.41,0.54,0.19,0.16
"289",0.15,0.15,0.1,0.12,0.02,0.07,0.03,0.06,0.17,0.21,0.2,0.15,0.11,0.15,0.1,0.1,0.08,0.03,0.04,0.06,0.15,0.19,0.1,0.1
"290",0.02,0.01,0.03,0.04,0.05,0.01,0.01,0.02,0.02,0.02,0.05,0.03,0.02,0.06,0.05,0.02,0.02,0.02,0.03,0.04,0.03,0.01,NA,NA
"291",0.08,0.09,0.07,0.09,0.05,0.01,0.01,NA,0.03,0.04,0.21,0.29,0.25,0.08,0.08,0.05,0.07,0.04,0.02,0.05,0.11,0.11,0.04,0.07
"293",0.21,0.33,0.16,0.15,0.19,0.15,0.24,0.19,0.07,0.1,0.18,0.22,0.27,0.25,0.22,0.22,0.18,0.3,0.27,0.61,0.85,0.82,0.43,0.18
"294",0.02,0.01,0.05,0.04,0.03,0.02,0.02,0.02,0.02,0.06,0.08,0.08,0.04,0.11,0.12,0.06,0.1,0.1,0.08,0.1,0.05,0.02,0.02,0.01
"295",0.01,0.04,0.02,0.02,0.03,0.03,0.01,0.01,0.03,0.05,0.05,0.06,0.08,0.05,0.04,0.02,0.02,0.01,0.02,NA,0.01,0.05,0.01,0.04
"296",0.01,0.01,0.02,0.03,0.01,0.02,0.02,0.02,0.04,0.04,0.02,0.04,0.05,0.02,0.04,0.02,0.02,0.01,NA,0.01,0.01,0.01,0.02,NA
"297",0.05,0.11,0.09,0.08,0.04,0.01,0.01,0.02,0.01,0.04,0.02,0.03,0.05,0.08,0.08,0.04,0.04,0.07,0.08,0.05,0.16,0.05,0.08,0.04
"298",0.06,0.03,0.08,0.06,0.02,0.02,0.05,0.01,0.02,0.08,0.08,0.05,0.06,0.06,0.08,0.02,0.05,0.04,0.03,0.02,0.03,0.06,0.08,0.07
"300",0.08,0.06,0.12,0.04,0.06,0.05,0.05,0.05,0.04,0.07,0.09,0.05,0.17,0.13,0.05,0.05,0.05,0.04,0.06,0.11,0.11,0.05,0.06,0.03
"301",0.05,0.08,0.08,0.17,0.24,0.13,0.04,0.08,1.05,2.08,0.9,1.19,0.75,0.32,0.07,0.1,0.11,0.05,0.06,0.15,0.34,0.18,0.06,0.05
"302",0.08,0.08,0.17,0.13,0.18,0.05,0.03,0.02,NA,0.01,0.08,0.11,0.19,0.14,0.13,0.13,0.08,0.01,0.02,0.05,0.07,0.09,0.02,0.02
"303",NA,0.02,NA,0.02,0.02,NA,0.02,NA,NA,0.02,0.03,0.02,0.04,0.04,0.05,0.05,0.04,0.08,0.02,0.02,0.01,NA,NA,NA
"304",0.01,0.09,0.08,0.07,0.12,0.04,0.08,0.03,0.03,0.02,0.04,0.07,0.05,0.25,0.37,0.24,0.09,0.04,0.04,0.05,0.03,0.02,0.03,0.02
"305",0.02,0.06,0.12,0.11,0.11,0.11,0.1,0.07,0.05,0.06,0.06,0.06,0.08,0.13,0.13,0.07,0.16,0.34,0.2,0.18,0.17,0.06,0.04,0.02
"306",0.02,0.02,0.02,0.04,0.01,0.02,0.02,0.02,0.01,0.02,0.04,0.06,0.08,0.05,0.12,0.1,0.05,0.05,0.05,0.04,0.04,0.02,0.01,NA
"307",0.08,0.13,0.24,0.2,0.06,0.03,0.06,0.03,0.03,0.02,0.04,0.08,0.03,0.08,0.09,0.14,0.11,0.05,0.02,0.02,0.1,0.09,0.15,0.09
"308",0.08,0.07,0.07,0.03,0.04,0.02,0.02,0.03,NA,NA,0.03,0.03,0.02,0.05,0.03,NA,0.02,0.03,0.04,0.02,0.03,0.03,0.03,0.02
"309",0.05,0.02,0.03,0.13,0.05,0.08,0.05,0.04,0.04,0.02,0.05,0.11,0.39,0.39,0.2,0.32,0.31,0.28,0.14,0.03,0.02,0.02,0.02,0.03
"310",0.02,0.08,0.07,0.02,0.05,0.05,0.04,0.02,0.02,0.01,0.01,0.04,NA,0.06,0.06,0.08,0.05,0.02,0.04,0.02,0.03,0.02,0.02,0.02
"311",0.11,0.28,0.28,0.19,0.21,0.24,0.24,0.1,0.05,0.02,0.08,0.1,0.14,0.24,0.34,0.34,0.22,0.18,0.12,0.09,0.09,0.22,0.15,0.17
"312",0.33,0.6,0.57,0.43,0.26,0.15,0.05,0.1,0.43,1.47,1.07,0.48,0.27,0.24,0.16,0.16,0.06,0.05,0.04,0.08,0.34,0.37,0.23,0.21
"313",0.01,NA,0.02,0.02,0.02,0.02,0.01,NA,0.01,0.01,0.01,NA,0.01,NA,0.02,0.03,0.01,0.01,NA,0.01,0.02,0.01,0.02,0.01
"314",0.08,0.08,0.05,0.07,0.07,0.1,0.07,0.04,0.08,0.03,0.07,0.09,0.08,0.18,0.18,0.18,0.11,0.12,0.07,0.08,0.09,0.04,0.05,0.06
"315",0.02,0.03,0.02,0.05,0.03,0.02,0.02,0.03,0.02,0.15,0.08,0.07,0.08,0.14,0.08,0.04,0.05,0.03,0.04,0.02,0.02,NA,0.01,0.02
"316",0.08,0.11,0.06,0.06,0.08,0.02,0.04,0.02,0.08,0.09,0.05,0.13,0.11,0.21,0.23,0.11,0.06,0.09,0.07,0.05,0.09,0.05,0.05,0.07
"317",0.1,0.23,0.27,0.12,0.06,0.03,0.01,0.01,0.02,0.02,0.02,0.03,0.02,0.03,0.02,0.06,0.02,0.04,0.03,0.05,0.11,0.06,0.08,0.05
"318",0.03,0.04,0.02,0.02,NA,NA,0.02,0.17,0.4,0.2,0.05,0.07,0.11,0.06,0.05,0.09,0.02,0.08,0.07,0.05,0.02,0.02,NA,0.02
"319",0.02,0.05,NA,0.04,0.03,0.01,0.02,0.04,0.02,0.05,0.06,0.08,0.11,0.17,0.15,0.09,0.09,0.11,0.07,0.05,0.05,0.02,0.03,0.05
"320",0.02,0.05,0.03,0.02,NA,0.02,0.02,0.02,0.05,0.03,0.05,0.08,0.08,0.11,0.09,0.08,0.05,0.09,0.03,0.03,0.05,0.04,0.03,0.05
"321",0.18,0.25,0.3,0.25,0.25,0.19,0.28,0.15,0.15,0.14,0.15,0.25,0.18,0.2,0.23,0.23,0.31,0.21,0.18,0.14,0.18,0.14,0.11,0.18
"322",0.11,0.11,0.15,0.11,0.13,0.05,0.08,0.05,0.05,0.08,0.08,0.09,0.13,0.12,0.09,0.12,0.05,0.12,0.05,0.05,0.07,0.08,0.08,0.11
"323",0.04,0.01,0.05,0.06,0.05,0.08,0.05,0.07,0.02,0.05,0.01,0.03,0.05,0.14,0.06,0.05,0.08,0.04,0.05,0.08,0.08,0.07,0.03,0.05
"324",NA,0.03,0.02,0.04,0.02,0.01,0.05,0.09,0.04,0.03,0.01,0.03,0.02,0.07,0.07,0.03,0.05,0.08,0.05,0.11,0.03,0.04,0.02,0.02
"325",0.08,0.09,0.05,0.11,0.04,NA,0.02,0.04,0.02,0.06,0.05,0.04,0.06,0.02,0.02,0.07,0.05,0.05,0.05,0.04,0.04,0.02,0.03,0.02
"326",0.04,0.08,0.1,0.14,0.03,0.03,0.02,0.02,NA,0.02,0.01,0.08,0.05,0.02,0.07,0.04,0.03,0.04,0.01,0.07,0.07,0.05,0.02,0.04
"327",0.03,0.04,0.05,0.07,0.08,0.08,0.08,0.11,0.18,0.18,0.13,0.15,0.21,0.19,0.26,0.22,0.1,0.11,0.05,0.05,0.04,0.07,0.05,0.08
"328",0.02,0.02,0.02,0.05,0.03,0.04,0.06,0.04,0.02,0.01,0.06,0.05,0.03,0.05,0.06,0.05,0.05,0.08,0.08,0.07,0.08,0.08,0.02,0.02
"329",0.02,0.02,0.03,0.05,0.06,0.02,0.02,0.05,0.04,0.05,0.09,0.11,0.04,0.1,0.31,0.24,0.25,0.73,0.46,0.14,0.05,0.06,0.06,0.02
"330",0.04,0.02,0.04,0.05,0.04,0.05,0.01,0.01,0.02,NA,0.02,0.07,0.08,0.15,0.06,0.07,0.12,0.11,0.07,NA,0.02,0.01,0.01,0.02
"331",0.02,0.06,0.07,0.03,0.02,0.03,0.02,0.01,0.01,NA,0.05,0.05,0.05,0.02,0.05,0.03,0.02,0.01,0.02,0.03,0.05,0.12,0.06,0.01
"332",0.08,0.08,0.06,0.02,0.02,0.05,0.01,NA,0.03,0.02,0.08,0.18,0.17,0.16,0.12,0.05,0.01,0.02,0.01,0.05,0.18,0.15,0.07,0.1
"334",0.02,NA,0.02,0.02,NA,0.01,NA,NA,0.01,0.01,0.16,0.08,0.1,0.05,0.04,0.03,0.03,0.05,0.04,0.03,0.03,0.02,0.05,0.01
"335",0.01,0.02,0.02,0.02,0.03,0.03,0.02,NA,0.03,0.04,0.08,0.04,0.05,0.06,0.09,0.03,0.04,0.05,0.02,0.05,0.04,0.03,0.05,0.04
"336",0.02,NA,0.05,0.01,0.01,0.03,0.02,NA,0.02,0.04,0.04,0.05,0.03,0.04,0.06,0.05,0.04,0.05,0.05,0.06,0.08,0.02,0.03,0.01
"337",0.02,0.07,0.08,0.1,0.05,0.08,0.23,0.13,0.11,0.11,0.12,0.15,0.38,0.89,0.48,0.29,0.2,0.21,0.14,0.06,0.02,0.05,0.06,0.06
"339",0.07,0.07,0.04,0.09,0.08,0.02,0.02,0.03,0.02,0.01,0.04,0.11,0.08,0.04,0.05,0.02,0.03,0.03,0.02,0.05,0.07,0.15,0.05,0.05
"340",0.05,0.12,0.09,0.08,0.09,0.03,0.05,0.02,0.02,0.02,0.08,0.11,0.22,0.18,0.11,0.13,0.14,0.06,0.05,0.06,0.05,0.08,0.08,0.08
"341",0.04,0.03,0.11,0.05,0.04,0.06,0.01,0.01,NA,NA,0.02,0.01,0.02,0.02,0.01,0.02,NA,0.01,0.02,NA,0.02,0.01,0.01,NA
"342",0.21,0.47,0.81,0.82,0.73,0.33,0.15,0.08,0.16,0.34,0.65,0.66,0.34,0.31,0.32,0.21,0.15,0.08,0.09,0.05,0.27,0.3,0.17,0.17
"343",0.05,0.05,0.05,0.03,0.05,0.07,0.07,0.01,0.01,NA,0.02,0.01,0.04,0.01,0.05,0.03,0.03,0.05,0.02,0.04,0.02,0.03,0.02,0.04
"344",0.04,0.06,0.06,0.03,0.05,0.02,0.02,0.01,NA,NA,0.05,NA,0.02,0.03,0.01,0.01,0.02,NA,0.01,0.01,0.02,0.03,0.01,0.02
"345",0.02,0.02,0.03,0.02,0.02,0.01,0.03,0.02,0.01,0.04,0.06,0.05,0.04,0.04,0.09,0.05,0.04,0.05,0.06,0.08,0.07,0.03,0.01,0.02
"346",0.02,0.03,0.04,0.03,0.02,NA,NA,0.02,0.01,0.01,0.03,0.01,0.05,0.02,0.03,0.02,0.02,0.03,0.05,0.03,0.02,0.02,0.01,0.02
"347",0.03,0.02,0.02,0.05,0.04,0.02,0.05,0.08,0.05,0.04,0.07,0.07,0.13,0.49,0.44,0.74,1.46,2.8,2.5,0.4,0.15,0.11,0.02,0.02
"348",0.02,0.02,0.01,0.02,0.02,NA,NA,0.02,0.05,0.05,0.11,0.06,0.06,0.11,0.08,0.03,0.09,0.02,0.06,0.05,0.01,0.02,0.02,0.02
"349",0.27,0.66,2.07,1.87,0.71,0.25,0.09,0.04,0.06,0.04,0.07,0.11,0.15,0.06,0.17,0.29,0.11,0.13,0.04,0.05,0.1,0.08,0.15,0.09
"350",0.08,0.18,0.1,0.15,0.08,NA,0.04,0.03,0.04,0.05,0.08,0.06,0.04,0.06,0.11,0.02,0.04,0.02,0.02,0.04,0.02,0.01,0.03,0.03
"351",0.02,NA,NA,0.03,0.02,NA,0.01,0.02,0.02,0.02,0.05,0.01,0.08,0.11,0.02,0.03,0.04,0.01,0.01,0.01,0.01,NA,NA,0.02
"352",0.02,0.06,0.03,0.02,0.02,0.02,0.02,0.02,0.02,0.03,0.05,0.05,0.26,0.11,0.08,0.05,0.11,0.06,0.04,0.02,0.03,NA,NA,0.03
"353",0.02,0.03,0.03,0.02,0.02,0.01,0.02,0.02,NA,0.03,0.01,0.03,0.05,0.03,0.02,0.03,0.04,0.02,0.05,0.05,0.02,0.05,0.06,0.02
"354",0.11,0.07,0.09,0.1,0.08,0.04,0.02,0.03,0.09,0.05,0.15,0.21,0.18,0.11,0.05,0.05,0.05,0.05,0.04,0.05,0.07,0.07,0.05,0.04
"355",0.05,0.09,0.09,0.03,0.02,0.04,0.03,0.03,0.02,0.02,0.04,0.05,0.02,0.06,0.08,0.05,0.05,0.05,0.05,0.02,0.03,0.02,0.02,0.03
"356",1.29,3.5,7.34,4.24,1.78,0.84,0.31,0.47,0.36,0.62,0.88,0.92,0.76,0.69,0.93,0.66,0.49,0.24,0.18,0.13,0.41,0.82,0.68,0.66
"357",0.01,0.02,0.03,0.04,0.02,0.03,0.03,0.02,0.05,0.05,0.08,0.05,0.08,0.11,0.08,0.06,0.11,0.06,0.05,0.06,0.08,0.09,0.02,0.02
"358",0.04,0.05,0.05,0.02,0.03,0.01,0.01,NA,0.07,0.12,0.11,0.05,0.08,0.08,0.04,0.05,0.07,0.05,0.05,0.08,0.07,0.06,0.04,0.05
"359",0.16,0.15,0.11,0.09,0.08,0.15,0.15,0.08,0.03,0.09,0.05,0.16,0.17,0.25,0.32,0.23,0.77,1.46,1.46,0.35,0.19,0.16,0.08,0.07
"360",0.04,0.05,0.11,0.05,0.06,0.08,0.11,0.02,0.08,0.02,0.08,0.11,0.18,0.62,0.34,0.29,0.18,0.16,0.08,0.07,0.05,0.01,0.03,0.03
"361",0.27,0.43,0.39,0.25,0.21,0.11,0.05,0.16,0.15,0.27,0.31,0.11,0.15,0.15,0.17,0.11,0.1,0.06,0.14,0.15,0.14,0.27,0.24,0.24
"362",0.18,0.31,0.13,0.05,0.15,0.22,0.25,0.18,0.11,0.08,0.17,0.38,1.02,2.05,0.86,0.42,0.56,0.41,0.22,0.37,0.36,0.19,0.05,0.11
"363",0.3,0.3,0.19,0.19,0.15,0.15,0.14,4.92,4.13,1.1,0.6,0.72,0.59,0.43,0.21,0.14,0.11,0.09,0.13,0.31,0.22,0.15,0.1,0.18
"364",0.06,0.1,0.14,0.08,0.08,0.08,0.06,0.08,0.06,0.08,0.07,0.08,0.14,0.16,0.16,0.1,0.11,0.06,0.03,0.05,0.06,0.05,0.05,0.05
"365",0.06,0.04,0.05,0.04,0.02,NA,0.02,NA,0.02,0.03,0.03,0.02,0.02,0.06,0.05,0.02,0.02,0.02,0.03,0.01,0.01,0.02,0.02,0.04
"366",0.11,0.15,0.13,0.11,0.06,0.05,0.05,0.02,0.18,0.2,0.18,0.15,0.1,0.11,0.11,0.05,0.05,0.04,0.02,0.06,0.15,0.08,0.08,0.08
"367",0.01,0.02,0.03,0.05,0.11,0.04,0.03,0.01,NA,0.02,0.04,0.06,0.11,0.11,0.08,NA,0.03,0.06,0.03,0.01,0.02,NA,0.02,NA
"368",0.12,0.13,0.21,0.23,0.15,0.08,0.07,0.73,3.17,2.75,0.94,0.5,0.47,0.34,0.24,0.15,0.11,0.05,0.08,0.16,0.32,0.15,0.02,0.05
"369",0.05,0.04,0.02,0.02,0.02,0.01,0.01,0.01,0.02,0.01,0.05,0.06,0.1,0.11,0.04,0.06,0.02,0.01,0.03,0.06,0.06,0.03,0.04,0.04
"372",0.03,0.02,NA,0.01,0.03,0.02,NA,NA,0.02,0.01,NA,0.04,0.03,0.02,0.01,0.01,0.03,NA,0.02,0.01,NA,0.02,0.05,0.05
"373",0.04,0.03,0.01,0.03,NA,NA,0.02,0.01,0.03,NA,0.02,0.03,0.02,0.01,0.05,0.05,0.03,NA,0.02,0.02,0.05,0.05,0.02,0.03
"375",0.06,0.04,0.04,0.05,0.03,0.03,0.01,0.01,0.02,0.02,0.05,0.05,0.08,0.04,0.08,0.08,0.09,0.04,0.04,0.11,0.05,0.06,0.02,0.04
"376",0.02,0.04,0.01,0.05,0.04,0.06,0.07,0.03,0.05,0.12,0.05,0.06,0.12,0.24,0.13,0.11,0.05,0.05,0.04,0.03,0.06,0.02,0.03,0.06
"377",0.05,0.02,0.02,0.01,0.02,0.05,0.05,0.05,0.02,0.02,0.05,0.08,0.05,0.18,0.05,0.04,0.03,0.05,NA,0.02,0.1,0.06,0.03,0.05
"379",0.25,0.09,0.15,0.06,0.02,NA,0.02,0.05,0.05,0.06,0.02,0.11,0.09,0.09,0.11,0.05,0.07,0.12,0.07,0.05,0.05,0.05,0.11,0.09
"380",0.05,0.08,0.09,0.02,0.05,0.02,0.01,0.01,0.02,0.05,0.08,0.1,0.11,0.05,0.03,0.05,0.02,0.06,0.05,0.05,0.09,0.09,0.08,0.06
"382",0.02,0.02,0.03,0.08,0.08,0.12,0.05,0.07,0.04,0.09,0.06,0.16,0.1,0.24,0.18,0.17,0.13,0.14,0.1,0.08,0.16,0.08,0.01,0.05
"383",0.04,0.04,0.03,0.02,0.02,NA,0.02,0.01,0.03,0.01,NA,0.04,0.04,0.05,0.02,0.04,0.05,0.02,0.02,0.02,0.05,0.02,0.02,0.05
"384",0.02,0.04,0.02,0.05,0.05,0.02,0.01,NA,NA,NA,0.01,0.04,0.03,0.02,0.02,0.03,0.01,0.02,0.02,0.01,0.05,0.03,0.02,0.02
"385",0.02,0.02,NA,0.01,0.02,0.01,0.01,0.04,0.02,0.02,0.02,0.05,0.05,0.11,0.1,0.11,0.07,0.09,0.07,0.03,0.02,0.01,0.03,0.01
"386",0.02,0.04,0.02,0.07,0.05,0.05,0.05,0.01,0.02,0.02,0.02,0.1,0.14,0.11,0.15,0.11,0.05,0.06,0.05,0.03,NA,0.02,0.02,0.02
"387",0.02,0.08,0.04,0.11,0.07,0.07,0.04,0.01,0.02,0.14,0.25,0.22,0.21,0.23,0.21,0.23,0.31,0.28,0.39,0.07,0.16,0.18,0.21,0.18
"388",0.03,0.06,0.07,0.05,0.02,0.04,0.01,0.07,0.05,0.03,0.07,0.09,0.13,0.14,0.12,0.07,0.02,0.06,0.07,0.03,0.02,0.04,0.08,0.04
"389",0.05,0.03,0.04,0.02,0.04,0.02,0.02,0.02,0.02,0.02,0.01,0.06,0.04,0.05,0.04,0.04,0.02,0.02,0.02,0.03,0.09,0.02,0.08,0.03
"390",0.02,0.08,0.11,0.08,0.08,0.13,0.16,0.08,0.01,0.02,0.04,0.03,0.08,0.11,0.08,0.07,0.1,0.07,0.08,0.08,0.15,0.07,0.01,0.03
"391",0.57,0.53,0.51,0.4,0.37,0.28,0.22,0.24,0.27,0.31,0.31,0.26,0.37,0.5,0.53,0.47,0.3,0.31,0.28,0.27,0.34,0.4,0.38,0.52
"392",0.02,0.05,0.04,0.05,0.02,0.05,0.03,0.01,0.02,0.02,0.05,0.05,0.13,0.1,0.1,0.14,0.11,0.06,0.09,0.05,0.05,0.05,0.02,0.05
"393",0.04,0.09,0.11,0.15,0.04,0.08,0.02,0.03,0.02,NA,0.06,0.04,0.08,0.04,0.05,0.05,0.03,0.01,0.01,0.02,0.08,0.05,0.02,0.04
"394",0.07,0.12,0.08,0.05,0.02,0.01,NA,NA,NA,0.02,0.02,0.01,0.02,0.02,0.02,0.01,0.02,0.05,0.02,0.06,0.02,0.05,0.07,0.02
"395",0.01,0.07,0.04,0.03,0.05,0.02,0.01,NA,0.05,0.05,0.02,0.04,0.07,0.09,0.07,0.04,0.04,0.05,0.05,0.06,0.05,0.06,0.05,0.04
"396",0.05,0.07,0.02,0.02,0.02,0.02,NA,0.01,NA,0.01,0.01,0.02,0.02,0.05,0.02,0.02,0.03,0.03,0.01,0.01,0.02,0.02,0.01,NA
"397",0.01,0.04,0.04,0.02,0.04,0.05,0.02,0.02,0.02,0.05,0.08,0.05,0.05,0.05,0.02,0.03,0.05,0.02,0.01,0.02,0.09,0.06,0.11,0.02
"398",0.02,0.02,0.02,0.04,0.02,0.02,0.01,0.02,0.01,0.01,0.01,0.03,0.04,0.04,0.08,0.04,0.02,0.01,0.03,0.02,0.02,0.02,0.02,0.02
"399",0.27,0.24,0.39,0.15,0.18,0.15,0.1,0.14,0.48,0.36,0.47,0.37,0.27,0.27,0.25,0.18,0.15,0.08,0.06,0.14,0.3,0.27,0.17,0.18
"400",0.06,0.12,0.23,0.21,0.16,0.08,0.02,0.01,0.02,0.04,0.04,0.05,0.11,0.08,0.11,0.1,0.02,0.04,0.05,0.04,0.04,0.08,0.02,0.02
"401",0.16,0.3,0.36,0.19,0.11,0.05,0.08,NA,0.05,0.32,0.74,0.28,0.44,0.21,0.13,0.13,0.11,0.09,0.11,0.14,0.31,0.21,0.21,0.13
"402",0.05,0.06,0.04,0.08,0.03,0.03,0.08,0.04,0.06,0.14,0.06,0.12,0.17,0.11,0.17,0.23,0.13,0.08,0.14,0.21,0.23,0.13,0.02,0.08
"403",0.02,0.09,0.05,0.05,0.04,0.03,0.03,NA,0.04,0.02,0.09,0.13,0.08,0.06,0.06,0.04,0.05,0.05,0.05,0.06,0.13,0.09,0.04,0.03
"404",0.02,0.01,0.02,0.01,NA,0.01,0.02,0.01,NA,0.02,0.02,0.03,0.04,0.04,0.05,0.06,0.02,0.02,0.04,0.07,0.04,0.01,0.01,0.02
"405",0.06,0.05,0.05,0.05,0.02,0.03,0.01,0.01,0.02,0.07,0.1,0.11,0.14,0.15,0.12,0.18,0.08,0.12,0.09,0.15,0.1,0.08,0.03,0.04
"406",0.17,0.18,0.1,0.08,0.09,0.03,0.03,0.05,0.05,0.08,0.1,0.12,0.18,0.15,0.11,0.05,0.08,0.01,0.02,0.03,0.12,0.17,0.12,0.12
"407",0.02,0.04,0.09,0.05,0.04,0.02,0.04,0.02,0.01,0.03,0.04,0.02,0.04,0.05,0.05,0.04,0.05,0.06,0.02,0.01,0.05,0.03,0.04,0.02
"408",0.03,0.02,0.02,0.02,NA,0.01,0.01,0.01,0.02,0.02,0.03,0.05,0.07,0.07,0.05,0.03,0.03,0.01,0.02,0.01,0.02,0.07,0.05,0.02
"409",0.07,0.08,0.06,0.06,0.01,0.03,0.02,0.01,0.02,0.02,0.03,0.04,0.02,0.01,0.03,0.03,0.05,0.05,0.01,NA,0.07,0.04,0.06,0.05
"410",0.05,0.08,0.14,0.08,0.02,0.02,0.01,0.01,0.02,NA,0.01,0.04,0.04,0.02,0.04,0.03,0.06,0.05,0.02,0.02,0.03,0.05,0.03,0.02
"411",0.13,0.23,0.28,0.27,0.23,0.08,0.03,0.05,0.03,0.02,0.05,0.31,0.16,0.19,0.16,0.1,0.11,0.05,0.06,0.05,0.14,0.12,0.11,0.07
"412",0.06,0.08,0.08,0.02,0.07,0.05,0.03,0.05,0.15,0.07,0.02,0.02,0.02,0.02,0.06,0.03,0.03,0.03,0.03,0.04,0.05,0.03,0.03,0.05
"414",NA,0.01,0.01,0.01,0.03,0.02,0.02,0.02,0.04,NA,0.02,0.01,0.01,0.04,0.05,0.03,0.05,0.03,0.02,0.02,0.03,0.02,0.02,0.02
"415",0.11,0.12,0.14,0.18,0.11,0.11,0.08,0.64,1.9,1.1,0.75,0.83,1.81,5.33,1.4,0.32,0.47,1.66,0.8,0.41,0.12,0.09,0.05,0.08
"416",0.15,0.11,0.1,0.13,0.05,0.04,0.02,0.04,0.05,0.06,0.09,0.14,0.15,0.08,0.14,0.07,0.05,0.05,0.07,0.04,0.15,0.15,0.15,0.05
"417",0.01,0.05,0.03,0.02,0.05,0.03,0.05,0.02,0.02,0.06,0.08,0.04,0.04,0.12,0.12,0.09,0.1,0.16,0.08,0.05,0.02,NA,0.02,NA
"418",0.02,0.03,0.02,0.01,0.02,0.03,0.02,0.02,NA,0.01,0.01,0.02,0.02,0.01,0.03,0.04,0.02,0.01,0.01,0.04,0.03,0.03,0.02,0.02
"419",0.11,0.07,0.08,0.04,0.04,0.05,0.01,0.04,0.02,0.07,0.11,0.14,0.09,0.09,0.06,0.08,0.03,0.02,NA,0.02,0.14,0.12,0.12,0.08
"420",0.13,0.03,0.07,0.08,0.04,0.05,0.02,0.05,0.06,0.08,0.26,0.18,0.18,0.18,0.15,0.08,0.07,0.05,0.01,0.11,0.14,0.29,0.23,0.11
"421",0.08,0.06,0.08,0.04,0.04,0.03,0.02,0.01,0.04,0.05,0.05,0.12,0.15,0.1,0.07,0.02,0.08,0.03,0.05,0.05,0.12,0.08,0.12,0.08
"422",0.27,0.34,0.08,0.04,0.05,0.03,0.01,0.05,0.06,0.2,0.24,0.71,0.71,0.38,0.23,0.08,0.1,0.05,0.06,0.24,0.11,0.06,0.06,0.05
"423",0.1,0.15,0.17,0.17,0.03,0.05,0.08,0.15,0.63,0.94,1.02,1.09,0.83,0.47,0.21,0.08,0.03,0.04,0.01,0.04,0.08,0.05,0.02,0.1
"426",0.02,0.05,0.05,0.05,0.01,0.02,0.05,0.06,0.05,0.08,0.08,0.16,0.31,0.47,0.37,0.55,0.5,0.46,0.42,0.18,0.08,0.05,0.08,0.09
"427",0.02,0.04,0.02,NA,0.03,0.03,0.02,0.02,0.02,0.03,0.04,0.04,0.08,0.17,0.08,0.05,0.05,0.01,NA,0.02,0.02,0.03,0.03,0.02
"428",0.03,0.08,0.07,0.07,0.05,0.02,0.02,0.01,NA,0.01,0.03,0.11,0.11,0.06,0.06,0.02,0.03,0.04,0.02,0.05,0.03,0.05,0.06,0.06
"430",0.02,0.03,0.03,0.02,0.02,0.04,0.02,0.02,0.03,0.03,0.02,NA,0.04,0.07,0.07,0.05,0.05,0.04,0.04,0.02,0.07,0.02,0.05,0.03
"431",0.01,0.01,0.02,NA,0.01,NA,0.01,NA,0.01,NA,0.02,0.02,0.01,0.02,0.02,0.01,NA,NA,NA,0.02,0.01,0.01,0.01,NA
"432",1.95,8.16,10.95,6.67,1.97,0.56,0.19,0.12,1.92,6.14,2.57,1.93,0.93,0.97,0.63,0.34,0.17,0.13,0.24,0.6,0.6,0.84,0.47,0.47
"433",0.24,0.56,1,0.89,0.53,0.27,0.13,0.06,0.12,0.18,1.39,0.97,0.56,0.46,0.2,0.15,0.08,0.07,0.04,0.1,0.56,0.38,0.21,0.09
"434",NA,0.05,0.03,0.04,0.02,0.01,0.03,0.05,0.05,0.05,0.05,0.06,0.08,0.06,0.02,0.03,0.04,0.05,0.08,0.09,0.05,0.07,0.04,NA
"435",0.02,0.07,0.02,0.04,0.05,0.02,0.03,0.02,0.1,0.11,0.12,0.11,0.15,0.11,0.15,0.1,0.15,0.1,0.15,0.08,0.04,0.03,0.04,0.01
"436",0.05,0.05,0.09,0.09,0.07,0.03,0.02,0.02,0.04,0.06,0.09,0.11,0.05,0.11,0.11,0.04,0.05,0.09,0.05,0.02,0.08,0.08,0.05,0.08
"437",0.04,0.09,0.06,0.1,0.05,0.06,0.07,0.06,0.11,0.02,0.02,0.01,0.08,0.17,0.12,0.14,0.07,0.07,0.06,0.04,0.07,0.05,0.02,0.04
"438",0.15,0.19,0.3,0.16,0.14,0.06,0.07,0.08,0.27,0.64,0.59,0.35,0.27,0.19,0.11,0.05,0.09,0.05,0.08,0.11,0.25,0.17,0.08,0.1
"439",0.07,0.06,0.1,0.08,0.02,NA,NA,0.01,0.03,0.05,0.07,0.1,0.09,0.05,0.02,0.03,0.04,0.05,0.05,0.08,0.11,0.05,0.03,0.03
"440",0.02,0.05,0.03,0.03,0.02,0.04,0.01,0.02,0.02,0.02,0.03,0.03,0.06,0.05,0.05,0.02,0.02,0.04,0.01,0.03,NA,NA,0.02,NA
"441",0.01,0.01,NA,0.01,0.02,NA,NA,NA,0.01,0.01,0.03,0.02,0.05,0.04,0.04,0.03,0.03,0.05,0.05,0.09,0.05,0.01,NA,0.01
"442",0.04,0.11,0.06,0.08,0.08,0.02,0.02,0.01,0.05,0.05,0.05,0.08,0.1,0.08,0.08,0.08,0.11,0.12,0.11,0.14,0.12,0.03,0.05,0.02
"443",0.11,0.08,0.08,0.03,0.05,0.06,0.05,0.02,0.02,0.02,0.02,0.07,0.09,0.08,0.12,0.1,0.11,0.03,0.04,0.02,0.08,0.11,0.1,0.13
"444",0.06,0.02,0.08,0.11,0.15,0.11,0.02,0.02,0.04,0.09,0.08,0.19,0.15,0.14,0.23,0.18,0.27,0.34,0.31,0.21,0.15,0.13,0.11,0.05
"445",1.1,2.82,4.15,2.2,1.19,0.56,0.19,0.21,0.44,0.6,1.96,1.59,0.77,0.55,0.5,0.4,0.24,0.13,0.15,0.11,0.68,0.56,0.39,0.36
"446",0.02,0.02,0.02,0.04,0.02,0.02,0.01,0.02,0.01,0.05,0.11,0.06,0.11,0.06,0.07,0.02,0.05,0.04,0.05,0.06,0.05,0.05,0.05,NA
"447",0.21,0.35,0.4,0.18,0.18,0.13,0.1,0.27,1.29,1.33,0.97,1.02,1.18,0.94,0.25,0.24,0.23,0.23,0.42,0.21,0.31,0.23,0.08,0.15
"448",0.06,0.07,0.02,0.03,0.01,NA,0.01,0.02,0.02,0.01,0.03,0.06,0.03,0.04,0.04,NA,0.02,0.15,0.09,0.04,0.02,NA,0.02,0.05
"449",0.06,0.19,0.29,0.07,0.1,0.09,0.06,0.43,2.98,3.27,2.79,2.35,2.12,1.32,0.47,0.15,0.09,0.08,0.09,0.12,0.15,0.14,0.02,0.02
"450",0.03,0.02,0.03,0.01,0.05,0.04,0.01,0.04,0.15,0.27,0.35,0.48,0.76,0.85,0.27,0.08,0.03,0.04,0.04,0.05,0.08,0.05,0.03,0.03
"453",0.03,0.03,0.04,0.01,0.01,NA,0.02,0.01,0.02,0.03,0.02,0.07,0.08,0.05,0.03,0.04,0.02,0.07,0.07,0.04,0.05,0.04,0.08,0.03
"454",0.02,0.03,0.02,NA,0.01,0.02,0.08,0.08,0.05,0.02,0.03,0.02,0.02,0.07,0.03,0.04,0.07,0.05,0.06,0.02,0.1,0.04,0.02,0.02
"455",0.02,0.05,0.02,0.02,0.02,0.01,0.07,0.04,0.03,0.01,0.02,0.02,0.08,0.04,0.05,0.11,0.39,0.85,2.47,0.65,0.01,0.05,0.02,0.02
"456",NA,0.02,0.02,NA,0.02,0.02,0.01,0.01,0.03,0.02,0.02,0.06,0.08,0.08,0.07,0.29,1.76,0.69,0.47,0.77,0.21,0.05,NA,0.01
"457",0.17,0.2,0.18,0.11,0.07,0.07,0.05,0.04,0.07,0.24,0.74,1.68,1.53,1.13,0.4,0.34,0.31,0.16,0.15,0.44,0.92,0.24,0.1,0.14
"458",0.04,0.01,0.02,0.02,0.02,0.02,0.05,0.03,0.02,0.02,0.04,0.05,0.07,0.07,0.02,0.08,0.02,0.09,0.1,0.04,0.05,0.02,0.02,0.02
"459",0.03,0.02,0.01,0.03,0.02,0.03,0.02,0.02,0.05,0.04,0.06,0.05,0.06,0.13,0.1,0.2,0.16,0.15,0.16,0.11,0.08,0.03,0.08,0.01
"460",0.02,0.11,0.1,0.05,0.03,0.02,0.04,0.01,0.02,0.05,0.07,0.07,0.06,0.05,0.04,0.05,0.05,0.03,0.02,0.05,0.06,0.07,0.05,0.08
"461",0.02,0.11,0.09,0.06,0.04,0.02,0.02,0.02,0.02,NA,0.07,0.08,0.1,0.08,0.05,0.02,0.02,0.01,0.06,0.05,0.05,0.03,0.02,0.01
"462",0.05,0.08,0.06,0.1,0.05,0.05,0.02,0.04,0.07,0.19,0.52,0.7,0.56,0.4,0.21,0.16,0.13,0.13,0.1,0.09,0.28,0.38,0.15,0.08
"463",0.02,0.01,0.02,0.02,0.05,0.01,0.01,0.04,0.02,0.03,0.05,0.02,0.08,0.1,0.15,0.07,0.13,0.05,0.08,0.12,0.08,0.05,0.05,0.04
"464",NA,0.01,NA,0.01,NA,NA,NA,0.02,NA,0.01,NA,0.01,0.02,0.02,0.01,NA,0.01,0.02,NA,0.01,0.02,NA,NA,NA
"465",0.08,0.13,0.14,0.1,0.03,0.08,0.05,0.04,0.04,0.11,0.07,0.13,0.21,0.21,0.11,0.14,0.08,0.06,0.24,0.2,0.27,0.14,0.06,0.15
"466",0.01,0.01,0.02,NA,0.03,0.02,0.03,0.01,0.02,0.07,0.15,0.13,0.11,0.27,0.05,0.08,0.07,0.08,0.07,0.06,0.02,0.03,NA,0.02
"467",0.05,0.08,0.08,0.06,0.02,0.04,0.01,0.03,0.02,0.03,0.02,0.06,0.06,0.06,0.07,0.05,0.03,0.02,0.04,0.03,0.05,0.04,0.05,0.06
"468",0.37,0.31,0.26,0.29,0.34,0.44,0.27,2.16,3.58,3.27,2.65,2.37,3.46,1.28,0.4,0.25,0.4,0.37,0.47,0.23,0.18,0.08,0.13,0.16
"469",0.05,0.06,0.04,0.11,0.05,0.1,0.06,0.15,0.3,0.39,0.31,0.46,0.79,0.77,0.13,0.11,0.47,0.28,0.09,0.05,0.09,0.04,0.05,0.06
"470",0.01,0.07,0.07,NA,0.02,0.02,NA,0.01,0.02,0.03,0.02,0.05,0.08,0.03,0.04,0.02,0.02,0.08,0.05,0.04,0.05,0.03,0.04,0.02
"471",0.03,NA,0.01,NA,0.02,0.03,NA,0.02,0.04,0.04,NA,0.03,0.02,0.05,0.02,0.02,0.02,0.02,0.02,0.02,0.08,NA,NA,0.03
"472",0.03,0.02,0.03,0.02,0.03,0.05,0.04,0.07,0.04,0.04,0.08,0.05,0.15,0.24,0.17,0.12,0.06,0.08,0.08,0.03,0.06,0.03,0.03,0.03
"473",0.15,0.12,0.2,0.22,0.08,0.09,0.1,0.02,0.23,0.06,0.06,0.1,0.14,0.08,0.08,0.04,0.07,0.08,0.05,0.03,0.25,0.32,0.04,0.08
"474",0.01,0.03,NA,0.02,0.03,0.03,NA,0.01,0.02,0.03,0.05,0.07,0.08,0.18,0.08,0.05,0.05,0.08,0.03,0.11,0.06,0.01,0.03,0.01
"475",0.03,0.04,0.05,0.02,0.03,0.05,0.01,0.02,0.02,0.04,0.03,0.07,0.05,0.04,0.03,0.05,0.03,0.06,0.05,0.04,0.06,0.03,0.03,0.03
"476",0.02,0.01,0.02,0.01,NA,NA,NA,0.02,0.03,0.06,0.01,0.02,0.03,0.03,0.05,0.08,0.05,0.11,0.05,0.02,0.03,0.04,0.02,0.01
"477",5.06,4.13,2.32,0.76,0.23,0.15,0.1,0.2,0.28,0.31,0.45,0.36,0.58,0.46,0.32,0.13,0.13,0.09,0.23,0.5,0.46,0.42,0.63,1.47
"478",0.07,0.06,0.05,0.05,0.03,0.02,0.02,0.05,0.04,0.02,0.04,0.03,0.06,0.05,0.05,0.05,0.05,0.1,0.06,0.08,0.04,0.02,0.03,0.05
"479",0.04,0.06,0.05,0.06,0.03,0.01,0.01,0.01,0.02,0.02,0.02,0.02,0.06,0.02,0.02,0.05,0.03,0.04,0.08,0.08,0.06,0.05,0.02,0.02
"480",0.02,0.04,0.05,0.03,NA,NA,NA,0.05,0.06,0.05,0.06,0.09,0.06,0.04,0.01,0.01,0.01,0.04,0.02,0.02,0.01,0.01,0.02,0.01
"481",0.08,0.16,0.2,0.11,0.15,0.05,0.11,0.02,0.07,0.18,0.27,0.24,0.18,0.12,0.08,0.12,0.09,0.06,0.03,0.11,0.29,0.27,0.12,0.07
"482",0.03,0.05,0.02,0.03,0.02,0.02,0.02,0.01,0.02,0.02,0.05,0.04,0.03,0.07,0.03,0.05,0.05,0.05,0.04,0.05,0.08,NA,0.01,0.02
"483",0.05,0.08,0.06,0.02,0.04,0.02,0.02,NA,NA,0.01,0.04,0.02,0.06,0.06,0.04,0.08,0.06,0.05,0.05,0.06,0.15,0.08,0.07,0.07
"484",0.03,0.01,0.02,0.04,0.02,0.02,0.04,0.02,0.02,0.03,0.05,0.06,0.15,0.19,0.15,0.15,0.36,0.45,0.18,0.22,0.07,NA,0.01,0.02
"485",0.02,0.02,0.03,0.02,0.05,0.05,0.07,0.03,0.02,0.05,0.05,0.05,0.13,0.23,0.22,0.09,0.08,0.07,0.08,0.2,0.05,0.01,0.02,0.01
"486",0.05,0.05,0.03,0.05,0.03,0.04,0.05,0.02,0.05,0.11,0.15,0.17,0.12,0.21,0.18,0.16,0.08,0.12,0.18,0.27,0.18,0.02,0.02,0.04
"487",1.02,4.08,5.75,1.59,0.21,0.08,0.06,0.02,0.05,0.01,0.01,0.08,0.07,0.32,0.34,0.11,0.11,0.06,0.05,0.12,0.31,0.13,0.09,0.14
"488",0.13,0.11,0.08,0.06,0.02,0.02,0.02,0.01,0.02,0.08,0.08,0.07,0.09,0.11,0.1,0.09,0.11,0.11,0.22,0.11,0.07,0.05,0.03,0.11
"489",0.03,0.02,0.07,0.05,0.02,0.02,0.02,0.02,0.02,0.09,0.12,0.1,0.04,0.09,0.05,0.08,0.02,0.06,0.06,0.02,0.1,0.06,0.01,0.04
"490",0.71,0.82,0.6,0.3,0.1,0.07,0.05,0.05,0.11,0.08,0.07,0.11,0.15,0.15,0.16,0.18,0.24,0.2,0.15,0.18,0.16,0.06,0.23,0.22
"491",0.04,0.07,0.1,0.09,0.1,0.16,0.05,0.09,0.05,0.06,0.1,0.15,0.15,0.28,0.4,0.13,0.2,0.34,0.26,0.4,0.24,0.28,0.16,0.08
"492",0.44,0.33,0.24,0.12,0.02,0.03,0.02,0.06,0.05,0.07,0.04,0.08,0.08,0.11,0.07,0.11,0.11,0.12,0.09,0.16,0.16,0.11,0.11,0.11
"493",0.02,0.02,0.01,0.02,0.01,0.02,0.02,0.02,0.02,0.06,0.05,0.05,0.08,0.18,0.08,0.05,0.1,0.13,0.08,0.06,0.08,0.03,0.01,0.01
"494",0.07,0.03,0.07,0.05,0.02,0.04,0.04,NA,0.02,0.02,0.03,0.05,0.05,0.06,0.06,0.02,0.05,0.05,0.07,0.02,0.05,0.08,0.05,0.03
"495",0.02,0.05,0.02,0.03,0.02,0.01,0.01,0.01,0.01,0.03,0.01,0.02,0.02,0.03,0.03,0.01,0.01,0.02,0.05,0.06,0.02,0.01,0.02,NA
"496",0.03,0.03,0.02,0.03,0.02,NA,0.02,0.02,0.05,0.06,0.05,0.11,0.14,0.24,0.14,0.03,0.11,0.04,0.05,0.04,0.02,0.01,0.02,0.01
"497",0.05,0.15,0.07,0.12,0.07,0.11,0.09,0.09,0.12,0.15,0.21,0.17,0.19,0.21,0.28,0.34,0.2,0.24,0.39,0.6,0.89,1.6,0.4,0.11
"498",0.04,0.02,0.01,0.02,0.01,NA,NA,0.02,0.03,0.03,0.05,0.05,0.06,0.08,0.09,0.08,0.08,0.08,0.07,0.05,0.04,0.01,0.03,0.05
"499",0.26,0.32,0.24,0.18,0.08,0.05,0.07,0.08,0.08,0.27,1.01,1.28,1.02,0.94,0.53,0.31,0.29,0.21,0.18,0.48,0.6,0.27,0.21,0.23
"500",0.18,0.17,0.19,0.12,0.08,0.19,0.18,0.6,0.48,0.36,0.43,0.82,1.01,0.31,0.18,0.34,1.02,0.9,0.49,1.12,0.82,0.21,0.19,0.12
"501",1,1.89,2.66,1.97,0.74,0.24,1.21,4.15,4.44,3.58,0.97,0.67,0.49,0.47,0.27,0.16,0.14,0.07,0.05,0.4,0.51,0.3,0.2,0.18
"502",0.15,0.29,0.47,0.3,0.27,0.13,0.03,0.1,0.1,0.07,0.09,0.18,0.19,0.21,0.12,0.09,0.11,0.05,0.04,0.05,0.16,0.1,0.13,0.11
"503",0.02,0.03,0.02,0.03,0.02,0.02,0.02,0.01,0.04,0.07,0.07,0.04,0.05,0.05,0.03,0.05,0.06,0.03,0.05,0.01,0.01,0.04,0.02,0.01
"504",0.1,0.15,0.06,0.09,0.11,0.06,0.06,0.03,0.05,0.05,0.25,0.48,0.38,0.14,0.09,0.09,0.08,0.04,0.06,0.06,0.1,0.05,0.08,0.03
"505",0.07,0.05,0.02,0.05,0.04,0.02,0.02,0.02,0.06,0.05,0.04,0.05,0.06,0.07,0.05,0.11,0.08,0.18,0.09,0.07,0.08,0.08,0.06,0.13
"507",0.16,0.18,0.27,0.27,0.16,0.2,0.1,0.16,0.18,0.21,0.09,0.17,0.18,0.16,0.14,0.06,0.14,0.13,0.22,0.21,0.13,0.17,0.15,0.08
"508",0.05,0.11,0.1,0.06,0.02,NA,0.03,0.06,0.15,0.21,0.11,0.15,0.08,0.1,0.1,0.1,0.11,0.13,0.18,0.08,0.05,0.03,0.07,0.02
"509",0.37,0.58,0.45,0.28,0.1,0.07,0.08,0.27,0.22,0.05,0.43,0.32,0.3,0.27,0.17,0.21,0.05,0.11,0.14,0.27,0.38,0.31,0.15,0.09
"510",0.02,0.06,0.03,0.06,0.1,0.19,0.42,0.08,0.05,0.04,0.06,0.08,0.57,0.71,0.45,0.35,1.09,1.09,0.74,0.53,0.21,0.05,NA,0.02
"511",2.89,10.83,18.95,9.63,2.75,0.7,0.4,0.24,0.5,1.48,3.37,2.56,1.47,1.04,1.2,0.53,0.29,0.12,0.26,0.98,1.75,1.49,0.76,0.66
"512",0.03,0.05,0.04,0.06,0.03,0.02,0.01,0.02,0.01,0.01,0.02,0.05,0.05,0.05,0.01,0.03,0.03,0.02,0.03,0.03,0.01,0.02,0.02,0.02
"513",0.03,0.04,0.04,0.05,0.01,0.01,0.02,0.04,0.03,0.02,0.04,0.02,0.02,0.02,0.04,0.04,0.03,0.03,0.04,0.05,0.02,0.02,NA,0.01
"514",0.21,0.32,0.24,0.14,0.1,0.05,0.06,0.02,0.04,0.06,0.18,0.36,0.37,0.2,0.14,0.08,0.08,0.14,0.05,0.09,0.11,0.12,0.08,0.05
"515",0.09,0.02,0.06,0.03,0.03,0.02,0.02,NA,0.22,0.88,0.92,0.4,0.11,0.08,0.08,0.01,0.02,0.06,0.05,0.09,0.06,0.04,0.03,0.03
"516",0.15,0.2,0.24,0.11,0.13,0.15,0.29,0.19,0.24,0.24,0.17,0.24,0.37,0.64,0.35,0.22,0.17,0.16,0.12,0.21,0.15,0.14,0.05,0.09
"517",1.44,2.21,1.35,0.92,0.66,1.4,1.95,0.98,0.52,0.42,0.34,0.55,2.27,4.56,2.61,2.09,4.27,5.56,3.44,2.31,1.73,0.98,0.36,0.6
"518",0.02,0.05,0.02,0.05,0.02,0.02,0.01,0.02,0.03,0.03,0.07,0.03,0.07,0.18,0.11,0.05,0.08,0.07,0.27,0.14,0.01,0.02,0.05,0.01
"519",1.14,1.16,0.51,0.34,0.27,0.24,1.51,8.03,8.94,5.67,0.88,0.73,1.38,2.49,1.15,1.16,3.34,5.33,8.21,3.28,2.53,1.08,0.36,0.41
"520",0.07,0.08,0.07,0.11,0.13,0.47,0.65,0.21,0.1,0.03,0.1,0.1,0.53,1.05,0.72,2.1,12.37,9.85,7.31,6.66,2.1,0.4,0.1,0.05
"521",7.56,9.62,7.36,3.09,1,0.23,0.32,1.64,3.87,2.71,2.44,2.05,2.62,2.79,1.79,0.87,0.4,0.3,0.44,1.9,3.14,2.04,1.82,2.63
"522",0.02,0.02,0.02,0.02,0.03,0.01,0.02,0.06,0.04,0.02,0.02,0.05,0.07,0.05,0.05,0.04,0.45,0.62,0.03,0.13,NA,0.04,0.05,0.04
"523",0.11,0.05,0.11,0.11,0.05,0.02,0.02,0.02,0.05,0.05,0.08,0.05,0.09,0.12,0.11,0.16,0.11,0.08,0.13,0.08,0.17,0.07,0.05,0.03
"524",0.05,0.02,0.05,0.05,0.06,0.03,0.03,0.02,0.03,0.06,0.01,0.05,0.12,0.3,0.11,0.18,0.92,1.02,0.58,0.56,0.24,0.03,0.03,0.04
"525",0.01,0.01,0.05,0.03,0.07,0.05,0.03,0.08,0.05,0.01,0.02,0.01,0.01,0.1,0.07,0.04,0.08,0.02,0.06,0.05,0.04,0.01,0.03,0.02
"526",0.03,0.04,0.03,0.04,0.02,0.03,NA,0.01,0.02,0.02,0.03,0.06,0.05,0.07,0.06,0.07,0.02,0.04,0.12,0.14,0.07,0.06,0.02,NA
"527",0.23,0.24,0.11,0.05,0.07,0.11,0.08,0.11,0.14,0.02,0.15,0.26,0.33,0.39,0.28,0.53,2.24,3.15,1.62,0.33,0.11,0.1,0.09,0.09
"528",0.01,0.05,0.08,0.05,NA,0.01,0.03,0.02,0.02,0.02,0.06,0.04,0.02,0.07,0.03,0.02,0.06,0.07,0.03,0.13,0.06,0.04,0.05,0.04
"529",6.93,11.26,10.21,4.4,1,0.21,0.12,1.43,8.02,5.55,3.11,1.37,1.02,0.95,0.73,0.37,0.18,0.09,0.29,2.03,2.95,1.71,1.21,1.73
"530",0.03,0.08,0.12,0.08,0.04,0.02,0.02,0.02,0.02,0.05,0.14,0.37,0.26,0.14,0.07,0.03,0.08,0.03,0.02,0.07,0.03,0.05,0.02,0.03
"531",0.11,0.22,0.23,0.26,0.16,0.11,0.18,0.09,0.16,0.06,0.1,0.18,0.27,0.38,0.15,0.19,0.27,0.11,0.12,0.08,0.2,0.22,0.15,0.08
"532",0.15,0.22,0.34,0.3,0.2,0.12,0.12,0.08,0.34,0.4,0.42,0.5,0.37,0.26,0.22,0.2,0.18,0.14,0.1,0.07,0.28,0.17,0.24,0.18
"533",0.1,0.11,0.08,0.06,0.11,0.13,0.09,0.08,0.08,0.06,0.15,0.29,0.44,0.44,0.34,0.09,0.08,0.12,0.42,0.31,0.13,0.06,0.05,0.02
"534",0.01,NA,0.06,0.08,0.04,0.02,0.02,0.01,0.01,0.01,0.02,NA,0.06,0.21,0.12,0.05,0.06,0.05,0.02,0.02,0.01,0.02,0.02,0.02
"536",0.05,0.05,0.01,0.02,0.07,0.06,0.02,0.01,0.04,0.04,0.04,0.05,0.05,0.02,0.06,0.05,0.11,0.56,1.05,0.41,0.08,0.02,0.03,0.01
"537",0.05,0.04,0.09,0.05,0.04,0.06,0.05,0.06,0.07,0.13,0.1,0.14,0.28,0.16,0.09,0.05,0.02,0.06,0.08,0.13,0.11,0.04,0.05,0.03
"538",NA,NA,NA,NA,0.01,NA,0.01,0.03,0.02,0.03,0.02,0.03,0.02,0.05,NA,0.02,0.03,0.07,0.01,NA,NA,NA,NA,NA
"539",0.05,0.04,0.04,0.08,0.08,0.02,0.02,0.02,0.02,0.02,0.07,0.05,0.05,0.05,0.05,0.06,0.02,0.02,0.04,0.05,0.08,0.06,0.05,0.01
"540",0.02,0.02,NA,0.02,0.01,0.02,NA,0.03,0.04,0.04,0.04,0.02,0.02,0.04,0.06,0.03,NA,0.02,0.02,0.06,0.05,0.03,NA,0.02
"545",0.04,0.06,0.07,0.05,0.02,0.05,0.04,0.02,NA,0.02,0.02,0.01,0.01,0.03,0.05,0.09,0.05,0.03,0.01,0.07,0.02,0.01,0.02,0.01
"546",0.08,0.15,0.16,0.08,0.11,0.1,0.09,0.08,0.03,0.07,0.04,0.03,0.09,0.15,0.11,0.16,0.15,0.24,0.6,0.34,0.37,0.1,0.06,0.11
"2000",0.02,0.02,0.03,0.07,0.02,0.02,0.01,0.02,0.02,0.03,0.03,0.04,0.04,0.03,0.02,0.03,0.08,0.05,0.02,0.02,0.02,0.02,NA,NA
"2001",0.02,0.01,0.02,NA,0.02,0.01,NA,NA,0.01,NA,NA,NA,0.01,0.01,NA,NA,NA,NA,NA,NA,NA,0.01,0.02,0.01
"2002",0.04,0.05,0.05,0.09,0.07,0.05,0.03,0.02,0.05,0.05,0.04,0.01,0.02,0.04,0.05,0.03,0.02,0.03,0.02,0.03,0.04,0.05,0.01,0.05
"2003",0.1,0.18,0.11,0.07,0.06,0.05,0.03,NA,0.03,0.01,0.04,0.04,0.05,0.04,0.03,0.06,0.05,0.09,0.06,0.09,0.08,0.05,0.04,0.06
"2004",0.01,0.03,0.02,0.03,0.03,0.08,0.05,0.02,0.02,NA,0.02,0.05,0.04,0.06,0.08,0.06,0.04,0.02,0.03,0.05,0.03,0.02,0.03,NA
"2005",NA,NA,0.01,NA,NA,NA,NA,NA,NA,NA,NA,NA,NA,0.02,NA,NA,0.01,NA,0.01,NA,NA,NA,NA,NA
"2006",0.18,0.44,0.41,0.46,0.17,0.17,0.13,0.08,0.17,0.27,0.34,0.4,0.73,1.2,0.83,0.94,0.37,0.45,0.6,0.52,0.41,0.29,0.24,0.22
"2008",0.03,0.02,0.03,0.02,NA,NA,0.01,0.02,NA,0.04,0.02,0.03,0.05,0.06,0.11,0.05,0.05,0.09,0.11,0.05,0.02,0.02,0.01,0.02
"2009",0.01,0.02,0.04,0.03,0.02,0.01,NA,NA,NA,0.03,0.02,0.01,0.04,0.03,NA,0.02,0.02,0.02,0.02,0.02,0.02,0.04,0.02,0.02
"2010",NA,0.01,0.02,0.01,0.01,0.01,0.01,0.01,0.02,0.01,0.04,0.06,0.09,0.08,0.07,0.03,0.04,0.02,0.03,0.04,0.01,0.01,0.01,NA
"2012",0.02,0.05,0.04,0.01,0.05,0.06,0.05,0.03,0.02,0.07,0.11,0.08,0.13,0.13,0.08,0.06,0.07,0.03,0.03,0.05,0.02,0.02,0.02,0.02
"2017",NA,0.02,0.02,0.06,0.03,0.02,0.02,0.01,0.02,0.03,0.03,0.05,0.04,0.08,0.09,0.03,0.03,0.03,0.02,0.01,0.05,0.05,0.01,0.04
"2021",0.06,0.04,0.03,0.04,0.07,0.04,0.03,0.05,0.09,0.11,0.15,0.2,0.15,0.25,0.17,0.23,0.53,0.16,0.08,0.08,0.06,0.09,0.04,0.04
"2022",0.18,0.18,0.16,0.17,0.06,0.08,0.09,0.05,0.06,0.08,0.16,0.08,0.15,0.27,0.21,0.14,0.05,0.11,0.09,0.09,0.14,0.08,0.08,0.14
"2023",0.01,0.01,0.02,0.04,0.05,0.03,0.05,0.05,0.05,0.06,0.03,0.08,0.15,0.12,0.08,0.02,0.03,0.02,0.05,0.02,0.09,0.07,NA,0.01
"3002",0.02,0.05,0.05,0.07,0.02,0.02,0.02,0.04,0.02,0.04,0.04,0.04,0.18,0.15,0.13,0.18,0.11,0.06,0.11,0.03,0.05,0.02,0.01,0.02
"3014",NA,NA,NA,0.02,0.01,NA,NA,NA,0.01,0.04,NA,NA,NA,0.02,0.11,0.08,0.03,0.01,0.01,0.03,0.02,NA,0.02,0.01
"3016",NA,NA,0.01,0.02,NA,NA,NA,NA,NA,0.01,0.03,0.02,0.02,0.01,0.05,0.05,0.02,0.01,NA,NA,0.01,0.02,0.03,0.02
"3041",NA,0.01,0.02,0.01,0.01,NA,0.01,NA,0.01,NA,0.01,NA,0.01,NA,0.02,NA,0.02,NA,NA,0.01,NA,0.01,0.01,0.01
"3042",0.01,0.02,0.03,0.02,0.02,0.03,0.06,0.02,0.02,0.02,0.01,0.02,0.02,0.01,0.02,0.06,0.06,0.01,0.01,0.02,0.02,0.03,0.01,0.01
"3043",0.02,0.04,NA,0.03,0.03,0.02,0.02,0.01,0.02,0.01,0.01,0.04,NA,0.02,0.02,0.03,0.02,0.02,0.01,0.02,0.02,0.03,0.02,0.02
"3044",0.05,0.03,0.02,0.02,0.02,0.05,0.02,0.01,0.02,0.02,0.01,0.01,0.05,0.01,0.03,0.04,0.03,0.04,0.02,0.02,0.05,0.06,0.03,0.02
"3046",0.02,0.05,0.02,0.02,0.02,0.02,0.02,0.03,0.04,0.02,0.02,0.02,0.05,0.05,0.02,0.02,NA,NA,0.01,0.02,0.02,0.02,0.02,0.02
"3047",0.05,0.04,0.01,0.02,NA,NA,0.01,0.01,0.02,0.02,0.01,0.06,0.04,0.02,0.02,0.03,0.04,0.02,0.01,0.02,0.02,0.03,0.03,0.02
"3048",0.04,0.03,0.05,0.02,0.05,0.02,0.02,0.01,0.02,0.02,0.02,0.05,0.04,0.03,0.02,0.05,0.04,0.04,0.01,0.02,0.05,0.01,0.05,0.05
"3049",0.04,0.05,0.04,0.02,0.03,0.03,NA,0.01,0.03,0.02,0.05,0.06,0.05,0.02,0.06,0.02,0.02,0.03,NA,0.03,0.03,0.05,0.01,0.06
"3050",0.06,0.05,0.08,0.07,0.05,0.05,0.02,0.02,0.02,0.03,0.04,0.05,0.06,0.06,0.05,0.04,0.05,0.05,0.02,0.04,0.07,0.11,0.08,0.05
"3052",NA,0.03,0.03,0.05,0.04,0.04,NA,0.02,NA,0.01,0.02,0.01,0.05,0.04,0.05,0.01,0.05,0.02,0.03,0.01,0.05,0.06,0.02,NA
"3053",0.03,0.05,0.04,0.01,0.02,0.05,0.02,0.02,0.03,0.01,0.02,0.02,NA,0.05,0.04,0.05,0.02,NA,0.02,0.02,0.02,0.05,0.04,NA
"3054",0.05,0.1,0.02,0.04,0.02,0.02,0.02,0.03,NA,0.03,0.01,0.04,0.03,0.05,0.01,0.05,0.02,0.03,0.02,0.01,0.06,0.02,0.03,0.07
"3055",0.05,0.02,0.02,0.06,NA,0.02,0.01,0.02,0.02,0.03,0.01,0.05,0.04,0.03,0.03,0.05,0.05,0.02,0.02,0.02,0.03,0.03,0.03,0.05
"3056",0.01,0.03,0.05,0.06,0.08,0.05,0.03,0.01,0.03,0.02,0.02,NA,0.01,0.04,0.02,0.02,0.02,0.02,0.02,0.01,0.02,0.03,0.02,0.01
"3057",0.04,0.05,0.03,0.07,0.02,0.03,0.02,0.01,0.01,0.03,0.03,0.02,0.08,0.04,0.04,0.04,0.04,0.01,0.03,0.03,0.03,0.04,0.03,0.03
"3058",0.1,0.07,0.07,0.04,0.02,0.05,0.01,0.02,0.04,0.04,0.05,0.07,0.03,0.08,0.08,0.04,0.06,0.06,0.01,0.02,0.05,0.04,0.05,0.06
"3059",0.01,0.02,0.01,0.02,0.02,0.01,0.01,0.02,NA,0.01,0.02,NA,0.02,NA,0.01,0.02,NA,0.03,NA,NA,NA,0.01,NA,0.01
"3060",0.04,0.05,0.07,0.02,0.04,0.05,0.03,0.02,0.02,0.02,0.02,0.05,0.02,0.01,0.03,0.02,0.02,0.02,0.02,0.02,0.04,0.02,0.02,0.05
"3061",0.08,0.02,0.05,0.04,0.05,0.02,0.02,0.03,0.02,0.02,0.04,0.02,0.02,0.08,0.05,0.06,0.05,0.04,0.02,NA,0.03,0.04,0.07,0.05
"3062",NA,0.01,0.02,0.05,0.05,0.05,0.02,0.03,0.02,0.02,0.02,0.01,0.03,0.03,0.01,0.02,0.04,0.02,0.03,0.01,0.01,0.01,0.01,NA
"3063",NA,NA,NA,0.02,NA,0.02,0.01,NA,0.02,0.01,NA,0.02,0.02,0.02,0.02,0.01,NA,0.02,0.02,NA,0.01,0.02,0.02,0.02
"3064",NA,0.04,NA,0.02,0.02,0.01,0.02,NA,0.01,0.01,NA,0.01,NA,0.02,0.02,0.01,0.02,0.02,0.02,NA,0.01,0.02,NA,NA
"3065",0.01,0.01,NA,0.01,NA,NA,NA,NA,NA,0.02,0.01,0.02,NA,NA,0.01,0.01,0.01,0.02,0.03,0.02,0.01,0.01,0.02,NA
"3066",0.03,0.01,0.04,0.03,0.02,0.04,0.02,0.02,0.04,0.02,NA,0.02,0.06,0.02,0.03,0.02,0.04,0.02,0.04,0.02,0.02,0.02,0.02,0.01
"3067",0.03,0.05,0.02,0.01,0.01,0.01,0.01,0.02,0.01,0.01,NA,0.03,NA,0.01,0.02,0.03,0.03,0.05,0.05,0.02,NA,0.02,NA,0.05
"3068",0.01,0.04,0.02,0.03,0.03,0.02,0.04,NA,0.02,NA,NA,NA,0.01,0.02,0.02,0.02,0.02,0.01,NA,0.01,0.01,0.01,0.01,0.01
"3069",0.02,0.06,0.05,0.02,0.02,0.01,0.02,NA,0.01,0.01,0.02,NA,0.02,0.02,0.02,0.02,0.01,0.01,NA,0.01,NA,0.01,0.01,0.02
"3070",0.02,0.02,0.02,0.02,0.02,0.02,NA,0.02,0.03,0.03,NA,0.02,0.01,0.04,0.04,0.02,0.02,0.01,0.02,0.02,0.02,0.01,0.03,0.02
"3071",0.02,0.02,0.02,0.02,0.04,0.02,0.01,0.01,0.06,0.01,0.01,0.03,0.03,0.03,0.03,0.02,0.01,0.03,NA,0.03,0.01,0.02,NA,0.01
"3072",0.02,0.02,0.02,0.01,0.02,0.02,0.01,NA,0.02,0.02,0.01,0.02,NA,0.05,0.03,0.02,NA,NA,NA,0.01,0.01,NA,0.02,0.05
"3073",0.03,0.04,0.06,0.02,0.04,0.02,0.04,0.01,0.02,0.02,0.02,0.02,0.04,0.06,0.03,0.02,0.02,0.06,0.01,0.04,0.05,0.03,0.05,0.05
"3074",0.01,0.01,0.01,0.02,0.01,0.01,0.02,0.01,0.01,0.01,0.02,NA,NA,0.01,0.01,0.02,0.02,NA,NA,0.02,0.02,NA,0.02,0.01
"3075",0.02,0.05,0.04,0.03,0.05,0.04,0.03,0.04,0.01,0.01,0.05,0.04,0.06,0.05,0.05,0.03,0.05,0.01,0.03,0.02,0.02,0.02,0.05,0.05
"3076",0.04,0.01,0.01,0.05,0.11,0.04,0.02,0.05,0.04,0.04,0.02,0.06,0.05,0.05,0.06,0.05,0.04,0.04,0.02,0.01,0.01,0.05,0.06,0.05
"3077",0.02,0.02,0.04,0.01,0.03,0.02,0.02,NA,0.05,0.03,0.04,0.05,0.02,0.03,0.02,0.04,0.02,0.06,0.03,NA,0.01,0.02,0.02,0.05
"3078",NA,0.01,0.01,0.02,NA,0.01,NA,NA,NA,0.01,0.01,NA,0.02,0.02,NA,NA,NA,NA,NA,NA,NA,0.02,NA,0.02
"3079",0.05,0.02,0.04,0.03,0.05,0.01,0.02,NA,0.02,0.01,NA,0.02,0.02,0.05,0.01,0.05,0.05,0.03,0.03,0.02,0.02,0.05,0.03,0.01
"3080",0.03,0.03,0.04,0.02,0.02,0.01,0.03,NA,0.02,0.02,0.02,0.01,0.05,0.05,0.02,0.03,0.02,0.01,0.02,0.04,0.05,0.01,0.04,0.02
"3081",0.01,0.03,0.02,0.03,0.04,0.02,0.02,0.02,0.01,0.02,0.01,0.02,0.02,0.02,0.04,0.02,0.02,0.02,0.01,NA,0.02,0.02,0.01,NA
"3082",NA,0.02,0.01,0.04,0.03,0.02,0.01,0.02,NA,NA,0.01,0.02,NA,0.04,0.03,0.05,0.02,NA,0.04,0.02,0.02,0.06,0.05,0.02
"3083",0.01,0.03,0.02,0.06,0.07,0.01,NA,0.02,0.02,0.04,NA,0.02,0.02,0.04,0.04,0.05,0.04,0.03,0.02,0.02,0.03,0.03,0.05,0.03
"3084",0.02,0.05,0.05,0.05,0.02,0.04,0.02,0.02,0.01,0.02,0.02,0.01,0.02,0.01,0.04,0.02,0.05,0.02,0.02,0.01,0.02,0.02,0.02,0.05
"3085",0.03,0.02,0.02,0.04,0.03,0.02,NA,0.02,0.02,0.05,0.01,0.01,0.02,0.02,0.02,0.01,NA,0.02,0.02,NA,0.03,0.01,NA,0.02
"3086",0.01,0.03,0.04,0.02,0.03,0.05,0.05,0.03,0.04,0.02,0.04,0.01,0.05,0.04,0.04,0.04,NA,0.05,0.04,0.08,0.09,0.03,0.02,0.01
"3087",0.01,0.05,0.05,0.08,0.05,0.03,0.05,0.02,0.05,0.02,0.04,0.02,0.02,0.05,0.01,0.02,0.02,0.02,0.02,0.03,NA,0.07,0.05,0.02
"3088",0.01,NA,0.02,0.02,0.01,0.01,0.01,NA,0.01,NA,NA,0.02,0.02,NA,0.02,0.01,0.02,0.02,0.02,0.02,0.01,NA,NA,0.05
"3089",0.02,0.02,0.02,0.02,0.02,0.01,0.01,NA,0.01,0.03,0.05,0.02,0.03,0.04,0.02,0.03,0.02,0.02,NA,0.01,0.04,0.02,0.05,0.03
"3090",0.01,0.04,0.05,0.03,0.03,0.02,0.04,0.03,0.07,0.03,0.05,0.02,0.02,0.05,0.07,0.05,0.1,0.09,0.05,0.15,0.16,0.15,0.07,0.05
"3091",0.05,0.06,0.02,0.08,0.05,0.02,NA,NA,0.02,0.05,0.02,0.06,0.05,0.05,0.06,0.07,0.08,0.03,0.01,0.05,0.06,0.05,0.08,0.08
"3092",0.03,0.03,0.09,0.05,0.05,0.07,0.07,0.08,0.1,0.06,0.02,0.02,0.04,0.05,0.06,0.04,0.08,0.07,0.11,0.08,0.08,0.02,0.02,0.02
"3093",0.03,NA,0.04,0.08,0.05,0.06,0.08,0.02,0.05,0.04,0.05,0.05,0.02,0.05,0.02,0.11,0.09,0.07,0.05,0.07,0.12,0.11,0.05,0.03
"3094",0.02,0.08,0.02,0.05,0.05,0.07,0.02,0.04,0.04,0.03,0.04,0.03,0.07,0.1,0.11,0.1,0.08,0.05,0.01,0.02,0.1,0.05,0.05,0.02
"3095",0.05,0.1,0.08,0.09,0.09,0.05,0.03,0.07,0.03,0.05,0.09,0.05,0.11,0.08,0.09,0.11,0.08,0.05,0.02,0.05,0.08,0.14,0.08,0.05
"3096",NA,NA,NA,NA,NA,NA,NA,NA,NA,NA,0.01,NA,0.02,0.02,0.01,0.02,0.02,0.02,0.01,NA,NA,0.02,0.05,0.03
"3097",0.04,0.08,0.07,0.05,0.08,0.03,0.02,0.02,0.02,0.04,0.06,0.07,0.05,0.04,0.08,0.02,0.04,NA,0.02,NA,0.06,0.08,0.06,0.04
"3098",0.05,0.02,0.01,0.02,0.02,0.02,0.02,0.01,0.02,NA,0.03,0.02,0.04,0.05,0.07,0.04,0.05,0.02,0.04,0.02,0.02,0.02,0.02,0.05
"3099",0.06,0.02,0.06,0.02,0.02,0.01,0.02,0.02,0.03,0.01,0.04,0.02,0.05,0.03,0.06,0.02,0.03,0.04,0.01,0.03,0.02,0.05,0.04,0.07
"3101",0.03,0.03,0.04,0.05,0.08,0.02,0.05,0.01,0.04,0.03,0.03,0.05,0.05,0.01,0.04,0.04,0.02,0.05,0.02,0.02,0.01,0.02,0.04,0.01
"3102",0.03,0.07,0.08,0.07,0.07,0.05,0.02,0.01,0.09,0.03,0.05,0.02,0.05,0.08,0.07,0.05,0.13,0.05,0.02,0.03,0.05,0.06,0.08,0.08
"3103",0.03,0.07,0.02,0.06,0.05,0.05,0.07,0.02,0.05,0.02,0.05,0.02,0.02,0.04,0.07,0.05,0.03,0.03,0.04,0.02,0.08,0.02,0.06,0.05
"3104",0.02,NA,0.02,0.01,0.02,0.02,0.02,0.01,0.01,0.01,0.01,0.01,0.03,0.02,0.05,0.03,0.02,0.03,0.02,0.01,0.03,NA,0.01,NA
"3105",0.02,0.04,0.06,0.06,0.06,0.04,0.05,0.05,0.02,0.04,0.02,0.02,0.01,0.02,0.04,0.05,0.04,0.03,0.07,0.06,0.02,0.01,0.04,0.07
"3106",0.19,0.13,0.19,0.21,0.2,0.08,0.02,0.05,0.08,0.21,0.21,0.25,0.14,0.25,0.15,0.11,0.09,0.07,0.08,0.02,0.17,0.16,0.09,0.05
"3107",0.02,0.01,0.02,0.03,0.04,0.05,0.04,0.02,0.01,0.02,0.05,0.01,0.03,0.05,0.07,0.02,0.04,0.02,NA,0.02,0.02,0.05,0.01,0.02
"3108",0.06,0.05,0.11,0.07,0.08,0.03,0.03,0.02,0.03,0.11,0.11,0.11,0.18,0.06,0.08,0.07,0.07,0.04,0.03,0.04,0.05,0.13,0.05,0.05
"3109",0.03,0.05,0.04,0.02,0.05,0.01,0.01,0.03,0.03,0.02,NA,0.03,0.03,0.01,0.02,0.05,0.02,0.01,0.02,0.03,0.02,NA,0.05,0.05
"3110",0.03,0.04,0.05,0.05,0.05,0.04,0.02,0.02,0.04,0.03,0.05,0.08,0.02,0.05,0.06,0.04,0.02,0.02,0.03,0.02,0.04,0.04,0.05,0.02
"3111",0.07,0.11,0.08,0.05,0.08,0.02,0.05,0.05,0.07,0.04,0.03,0.06,0.08,0.06,0.06,0.09,0.05,0.06,0.03,0.02,0.08,0.08,0.09,0.05
"3112",0.02,0.06,0.06,0.04,0.09,0.1,0.08,0.06,0.05,0.08,0.02,0.05,0.07,0.07,0.09,0.05,0.05,0.05,0.08,0.1,0.06,0.05,0.03,0.02
"3113",0.01,0.02,0.03,0.03,0.03,0.01,0.01,0.02,NA,0.04,0.03,0.02,0.03,0.02,0.05,0.03,0.02,0.02,0.03,NA,0.04,0.05,0.02,NA
"3114",NA,0.01,0.02,NA,0.01,0.01,0.05,0.02,0.01,0.01,NA,NA,NA,0.02,0.03,0.02,0.02,0.02,0.02,0.02,0.02,0.01,0.01,NA
"3115",NA,NA,0.03,0.05,0.01,0.02,0.02,0.01,NA,NA,NA,0.03,0.01,0.01,0.03,0.03,0.02,0.02,0.01,0.02,0.03,NA,0.02,0.02
"3116",0.02,0.04,NA,0.04,0.01,0.02,0.01,NA,0.01,0.02,0.01,0.02,0.03,0.05,0.02,0.02,0.02,0.02,0.02,NA,0.01,0.04,0.03,0.05
"3117",0.01,0.02,0.04,0.02,0.01,0.01,0.03,0.02,NA,0.02,0.04,0.03,0.05,0.03,0.02,0.02,0.01,0.02,NA,0.01,0.01,0.02,0.02,0.05
"3118",0.05,0.05,0.09,0.07,0.06,0.09,0.05,0.02,0.08,0.04,0.02,0.11,0.09,0.11,0.08,0.03,0.05,0.05,0.05,0.08,0.05,0.12,0.05,0.04
"3119",0.03,0.05,0.06,0.07,0.08,0.15,0.12,0.14,0.08,0.05,0.04,0.05,0.02,0.07,0.05,0.05,0.06,0.07,0.14,0.15,0.09,0.08,0.02,0.05
"3120",0.02,0.01,0.02,0.01,0.03,0.02,0.02,0.02,0.02,0.02,0.01,0.02,0.02,0.01,NA,0.02,0.02,0.03,0.02,0.02,0.02,0.01,0.02,0.01
"3121",0.03,0.04,0.11,0.05,0.06,0.05,0.05,0.02,0.03,0.04,0.05,0.04,0.05,0.05,0.07,0.05,0.08,0.01,0.05,0.06,0.05,0.03,0.03,0.02
"3122",0.01,0.01,NA,NA,NA,0.02,NA,0.01,0.02,NA,0.03,0.02,0.02,NA,NA,0.02,NA,NA,NA,NA,0.01,0.02,0.03,0.02
"3123",0.02,0.02,NA,0.02,NA,0.03,0.02,0.01,NA,0.01,NA,0.01,0.02,0.02,0.02,0.01,NA,0.01,0.01,0.01,0.01,NA,0.01,NA
"3124",0.08,0.08,0.08,0.07,0.05,0.04,0.02,0.02,0.02,0.05,0.07,0.04,0.02,0.05,0.05,0.05,0.05,NA,0.02,0.02,0.02,0.08,0.05,0.04
"3125",0.02,0.03,0.05,0.01,0.06,0.05,0.02,0.03,0.03,0.02,0.02,0.02,0.01,0.03,0.05,0.03,0.02,0.03,0.03,NA,0.03,0.03,0.01,0.01
"3126",0.05,0.02,0.07,0.04,0.05,0.06,0.09,0.05,0.02,0.02,0.02,0.03,0.02,0.05,0.02,0.07,0.04,0.02,0.05,0.02,0.02,0.05,0.01,0.02
"3127",NA,0.04,0.01,0.02,0.01,0.01,0.02,0.01,0.02,NA,0.01,0.01,NA,0.02,0.02,0.02,0.02,0.02,0.03,0.01,0.02,0.01,NA,0.01
"3128",0.02,NA,0.02,0.01,0.03,0.02,NA,NA,NA,NA,NA,0.02,NA,0.01,0.02,0.02,0.03,0.01,0.01,0.01,0.01,NA,NA,0.01
"3129",0.02,0.05,0.02,0.04,0.02,NA,NA,0.01,0.01,0.01,0.03,0.02,0.02,0.02,0.02,0.02,0.05,0.02,0.02,0.01,0.02,0.02,0.02,0.01
"3130",0.02,0.01,0.02,0.03,0.01,0.04,0.01,0.01,0.02,0.03,0.01,0.03,0.01,0.02,0.01,0.03,0.01,0.02,0.02,0.02,NA,0.01,0.01,0.01
"3132",0.02,NA,0.02,0.04,0.05,0.07,0.01,0.02,0.02,0.01,0.03,0.03,0.08,0.08,0.08,0.08,0.15,0.08,0.05,0.08,NA,0.07,0.02,0.01
"3133",0.18,0.23,0.2,0.15,0.19,0.15,0.18,0.24,0.1,0.07,0.01,0.04,0.02,0.06,0.05,0.05,0.06,0.06,0.12,0.13,0.09,0.03,0.04,0.04
"3134",0.56,0.98,0.99,0.66,0.45,0.51,0.56,0.43,0.26,0.21,0.13,0.12,0.22,0.26,0.25,0.27,0.1,0.14,0.24,0.27,0.23,0.31,0.11,0.15
"3135",0.18,0.18,0.1,0.03,0.02,0.02,NA,NA,0.02,0.15,0.24,0.27,0.19,0.13,0.04,0.02,0.04,0.02,0.01,0.05,0.21,0.18,0.08,0.08
"3136",0.04,0.1,0.15,0.1,0.07,0.08,0.04,0.02,0.03,0.01,0.04,0.04,0.02,0.05,0.08,0.09,0.08,0.1,0.05,0.02,0.03,0.02,0.02,0.04
"3137",0.07,0.05,0.03,0.04,0.03,0.02,0.02,NA,0.02,0.01,0.05,0.02,0.02,0.05,0.03,0.05,0.04,0.02,0.02,0.02,0.02,0.03,0.02,0.04
"3138",NA,NA,NA,NA,NA,NA,NA,NA,NA,NA,NA,NA,0.01,NA,0.01,NA,NA,NA,NA,NA,NA,NA,NA,NA
"3139",0.34,0.56,0.61,0.37,0.4,0.23,0.11,0.08,0.05,0.08,0.06,0.11,0.05,0.11,0.07,0.09,0.06,0.05,0.06,0.05,0.09,0.15,0.1,0.13
"3140",0.17,0.14,0.06,0.07,0.03,0.01,NA,0.01,0.02,0.2,0.39,0.2,0.1,0.05,0.05,0.01,0.03,0.02,0.01,0.05,0.39,0.27,0.06,0.04
"3141",0.19,0.35,0.2,0.19,0.31,0.24,0.19,0.12,0.05,0.02,0.02,0.01,0.05,0.1,0.05,0.08,0.38,0.21,0.18,0.29,0.16,0.07,0.05,0.13
"3142",0.2,0.19,0.18,0.11,0.05,0.05,0.05,0.02,0.08,0.02,0.05,0.07,0.11,0.21,0.2,0.09,0.05,0.08,0.07,0.08,0.13,0.13,0.12,0.11
"3143",0.09,0.13,0.08,0.08,0.1,0.05,0.01,0.02,0.02,0.05,0.09,0.01,0.01,0.04,0.05,0.05,0.06,0.03,0.02,0.01,NA,0.01,0.02,0.03
"3144",0.19,0.3,0.33,0.23,0.12,0.21,0.07,0.02,0.05,0.02,0.04,0.05,0.02,0.09,0.05,0.05,0.05,0.02,0.02,0.05,0.05,0.04,0.04,0.1
"3145",0.03,0.08,0.12,0.05,0.05,0.03,0.01,0.01,0.02,0.02,0.02,0.05,0.05,0.04,0.05,0.05,0.02,0.01,0.03,NA,0.05,0.05,0.05,0.06
"3146",0.1,0.21,0.19,0.19,0.09,0.07,NA,0.02,0.01,0.08,0.12,0.12,0.08,0.08,0.05,0.08,0.04,0.03,0.03,0.05,0.1,0.23,0.14,0.05
"3147",0.02,0.02,0.03,0.02,0.02,NA,NA,0.01,NA,0.14,0.18,0.3,0.26,0.11,0.07,0.1,0.02,0.03,0.01,0.02,0.12,0.05,0.02,0.03
"3148",0.03,0.02,0.01,0.01,NA,NA,NA,0.02,0.07,0.07,0.23,0.11,0.02,0.08,0.04,0.01,0.02,NA,0.01,0.06,0.25,0.21,0.02,0.05
"3149",0.11,0.08,0.06,0.04,0.01,NA,NA,NA,0.01,0.07,0.33,0.25,0.19,0.11,0.06,0.04,0.05,0.02,0.01,0.03,0.21,0.06,0.03,0.05
"3150",0.49,1.16,1.3,0.76,0.6,0.21,0.16,0.18,0.31,0.28,0.26,0.15,0.09,0.12,0.08,0.08,0.11,0.06,0.02,0.05,0.11,0.17,0.14,0.13
"3151",NA,0.01,0.02,NA,NA,NA,NA,NA,NA,0.01,0.01,0.04,0.02,0.02,0.01,0.01,0.01,NA,NA,NA,0.01,0.02,0.01,NA
"3153",NA,NA,0.01,NA,0.01,NA,NA,NA,NA,NA,NA,NA,NA,NA,NA,0.01,NA,NA,NA,NA,NA,NA,NA,NA
"3154",NA,0.01,0.02,NA,0.01,NA,NA,NA,0.03,NA,0.01,0.06,0.02,0.04,0.05,0.01,0.03,0.01,NA,0.02,0.01,0.02,NA,0.02
"3155",NA,0.02,0.02,NA,NA,0.01,0.01,NA,NA,NA,NA,NA,0.01,0.03,NA,NA,0.02,NA,0.02,NA,NA,NA,NA,NA
"3156",0.06,0.16,0.08,0.14,0.11,0.13,0.05,0.02,0.05,0.1,0.07,0.11,0.15,0.08,0.08,0.05,0.03,0.01,0.05,0.04,0.03,0.04,0.02,0.02
"3157",0.04,0.04,0.02,0.01,0.01,NA,0.01,NA,NA,0.01,0.03,0.02,0.03,0.03,0.02,0.01,0.01,NA,NA,NA,0.04,0.02,0.03,0.02
"3158",0.5,0.87,0.84,0.72,0.34,0.27,0.12,0.11,0.18,0.22,0.2,0.18,0.22,0.11,0.11,0.16,0.15,0.11,0.1,0.09,0.25,0.19,0.12,0.18
"3159",0.15,0.34,0.6,0.37,0.15,0.06,0.03,NA,0.01,0.09,0.19,0.32,0.15,0.11,0.08,0.04,0.06,0.02,NA,0.02,0.12,0.07,0.02,0.06
"3160",0.35,0.43,0.47,0.27,0.16,0.09,0.03,0.02,0.04,0.1,0.31,0.34,0.27,0.14,0.09,0.09,0.06,0.05,0.02,0.05,0.11,0.19,0.15,0.21
"3161",0.11,0.04,0.05,0.08,0.04,0.02,0.02,NA,0.04,0.09,0.15,0.09,0.06,0.03,0.03,0.01,0.01,NA,NA,0.03,0.04,0.08,0.02,0.08
"3162",0.04,0.05,0.06,0.04,0.02,0.02,0.01,0.02,0.08,0.06,0.08,0.08,0.02,0.08,0.04,0.02,0.02,NA,0.01,0.01,0.07,0.01,0.02,0.02
"3163",0.34,0.78,0.65,0.41,0.24,0.13,0.05,0.02,0.09,0.26,0.38,0.3,0.22,0.21,0.14,0.09,0.13,0.06,0.01,0.07,0.15,0.14,0.18,0.17
"3164",0.86,1.13,0.98,0.55,0.25,0.03,0.02,0.05,0.21,0.33,0.46,0.31,0.27,0.15,0.12,0.12,0.06,0.05,0.01,0.15,0.47,0.43,0.32,0.44
"3165",0.26,0.6,0.59,0.5,0.25,0.11,0.05,0.02,0.03,0.21,0.56,0.33,0.21,0.21,0.18,0.18,0.08,0.08,0.04,0.04,0.15,0.21,0.18,0.1
"3166",0.13,0.15,0.09,0.03,0.02,0.03,0.01,0.01,0.01,0.06,0.02,0.06,0.05,0.06,0.01,0.01,0.01,NA,0.02,NA,0.05,0.03,0.05,0.02
"3167",0.08,0.24,0.24,0.15,0.13,0.04,0.02,0.09,0.31,0.58,0.31,0.12,0.05,0.03,0.04,0.02,0.02,NA,0.02,0.14,0.13,0.14,0.07,0.05
"3168",0.03,0.05,0.05,0.08,0.08,0.02,NA,NA,0.04,0.11,0.28,0.12,0.08,0.05,0.06,0.03,0.02,0.02,0.01,0.02,0.03,0.02,0.05,0.02
"3169",0.28,0.28,0.3,0.25,0.22,0.08,0.03,NA,0.02,0.09,0.12,0.15,0.12,0.11,0.07,0.08,0.04,0.07,0.01,0.02,0.11,0.14,0.1,0.19
"3170",0.36,0.39,0.63,0.47,0.35,0.08,0.05,0.06,0.73,0.69,0.87,0.53,0.4,0.27,0.15,0.1,0.1,NA,0.01,0.04,0.32,0.17,0.11,0.15
"3171",0.04,0.06,0.05,0.01,0.02,0.01,0.01,0.01,0.04,0.11,0.03,0.02,0.03,0.01,NA,0.01,NA,NA,NA,0.01,0.05,0.04,NA,NA
"3172",0.19,0.31,0.24,0.27,0.17,0.11,0.02,0.03,0.31,0.4,0.55,0.31,0.27,0.18,0.13,0.1,0.07,0.05,0.02,0.02,0.21,0.25,0.16,0.11
"3173",0.03,NA,0.01,0.01,NA,NA,NA,NA,NA,0.01,NA,0.02,0.02,0.02,0.01,0.02,0.03,0.02,NA,NA,0.02,NA,NA,NA
"3175",0.27,0.3,0.3,0.19,0.07,0.07,0.02,0.04,0.35,0.5,0.6,0.51,0.28,0.21,0.06,0.08,0.01,0.02,0.04,0.07,0.14,0.15,0.16,0.1
"3176",0.43,0.17,0.18,0.08,0.08,0.02,0.03,NA,0.03,0.05,0.1,0.05,0.13,0.08,0.07,0.07,0.05,0.01,0.03,0.05,0.04,0.08,0.14,0.14
"3177",0.24,0.57,0.67,0.55,0.28,0.13,0.05,0.11,1.12,1.32,1,0.51,0.18,0.18,0.16,0.11,0.09,0.05,0.02,0.19,0.28,0.27,0.19,0.21
"3178",0.31,0.38,0.35,0.28,0.21,0.11,0.05,0.03,0.02,0.05,0.16,0.11,0.15,0.12,0.12,0.16,0.08,0.05,0.02,0.02,0.08,0.16,0.15,0.13
"3179",0.02,0.02,0.01,0.02,0.03,NA,NA,0.01,NA,0.02,NA,NA,0.01,NA,0.01,0.01,0.02,0.02,NA,0.02,0.02,0.01,0.01,0.02
"3180",0.08,0.09,0.05,0.07,0.08,0.05,0.08,0.05,0.04,0.02,0.02,0.05,0.06,0.04,0.07,0.11,0.11,0.05,0.04,0.03,0.03,0.01,0.02,0.05
"3181",0.01,0.01,0.02,0.02,0.02,NA,NA,NA,0.01,0.01,0.01,NA,0.02,0.01,0.02,0.01,0.03,0.02,NA,NA,NA,NA,NA,NA
"3182",NA,0.02,0.03,0.05,0.02,0.02,NA,NA,NA,NA,NA,0.02,0.02,0.03,0.05,0.03,0.01,NA,NA,NA,NA,NA,NA,NA
"3221",NA,0.01,0.01,NA,0.02,0.01,0.01,NA,NA,NA,NA,0.02,NA,NA,NA,NA,NA,0.01,0.01,NA,NA,NA,0.02,0.01
"3222",0.04,0.04,0.05,0.07,0.05,0.03,0.02,0.03,0.05,0.05,0.05,0.02,0.03,0.09,0.02,0.02,0.03,0.02,0.02,0.04,0.08,0.03,0.01,0.02
"3223",NA,0.03,0.01,NA,0.02,0.02,0.06,0.02,NA,NA,0.02,NA,0.03,0.11,0.02,0.03,0.02,0.02,0.02,0.03,0.02,NA,NA,NA
"3224",0.02,0.01,0.01,0.02,NA,0.01,NA,0.02,0.02,0.03,0.02,0.02,0.02,0.04,0.07,0.09,0.04,0.03,0.03,0.04,0.01,0.02,0.03,NA
"3226",0.1,0.03,0.01,0.01,0.02,0.02,NA,NA,NA,0.06,0.21,0.28,0.14,0.05,0.02,0.02,0.03,0.01,0.01,0.02,NA,0.04,0.03,0.02
"3229",0.04,0.04,0.03,0.02,0.02,0.01,0.01,0.01,0.02,0.03,NA,0.04,0.02,0.05,0.02,0.01,NA,0.02,0.02,0.01,0.04,0.02,0.02,0.02
"3230",5.93,6.98,4.36,2.24,0.99,0.25,0.17,0.81,1.77,1.2,0.94,1.44,1.67,1.84,1.03,0.59,0.32,0.08,0.14,1.1,3.29,2.26,1.66,2.03
"3231",0.18,0.21,0.17,0.12,0.15,0.05,0.07,0.06,0.1,0.03,0.03,0.05,0.03,0.09,0.11,0.1,0.09,0.08,0.06,0.03,0.01,0.02,0.03,0.05
"3232",0.01,0.02,0.04,0.04,0.02,0.03,0.02,0.01,0.02,NA,0.01,0.01,0.02,0.02,0.01,0.02,NA,NA,NA,NA,NA,0.03,0.01,NA
"3233",NA,0.04,0.02,0.02,0.02,0.01,NA,0.01,0.01,NA,NA,0.03,0.06,0.08,0.04,0.04,0.03,0.02,0.01,0.01,NA,NA,0.02,NA
"3234",0.01,0.02,0.02,0.02,NA,0.01,NA,0.01,0.05,0.06,0.02,0.02,0.02,0.02,0.04,0.05,0.05,0.11,0.18,0.01,NA,0.01,NA,NA
"3235",0.02,0.04,NA,NA,0.01,NA,NA,NA,NA,NA,0.01,NA,0.02,0.01,NA,NA,0.02,0.02,NA,0.02,0.02,NA,0.01,NA
"3236",2.11,2.24,1.44,0.92,0.25,0.08,0.03,0.18,0.21,0.17,0.24,0.21,0.31,0.42,0.24,0.17,0.05,0.01,0.04,0.5,1.17,0.73,0.53,0.92
"3237",0.02,NA,0.02,NA,0.02,0.03,0.01,NA,0.01,0.02,0.01,0.04,0.01,0.02,NA,NA,0.02,NA,NA,NA,NA,NA,0.01,0.01
"3238",0.01,0.01,0.01,0.01,NA,NA,NA,NA,NA,NA,NA,0.01,NA,NA,NA,NA,NA,NA,NA,NA,NA,0.01,0.01,NA
"3241",NA,0.01,NA,NA,NA,NA,NA,NA,NA,NA,NA,NA,NA,0.01,0.01,NA,NA,0.01,NA,NA,NA,0.01,NA,0.01
